run_id,timestamp,result_index,speed_ratio,control_api,pair_type,direction,target_value,target_unit,group_index,status,error,duration_s,imu_sample_count,start_x_m,start_y_m,start_z_m,start_yaw_deg,end_x_m,end_y_m,end_z_m,end_yaw_deg,delta_x_m,delta_y_m,delta_z_m,expected_distance_m,actual_distance_m,distance_error_m,abs_distance_error_m,lateral_error_m,vertical_error_m,yaw_drift_deg,expected_angle_deg,actual_angle_deg,angle_error_deg,abs_angle_error_deg,position_drift_m
20260806_143623_657877,2026-08-06T14:36:26.848,1,100,line_walk,前后移动,前进,1.0,m,1,success,,3.182287,24,3.462303,-0.938516,0.14611,-57.768668,3.77406,-1.419737,0.11081,-59.072537,0.311758,-0.481221,-0.0353,1.0,0.573338,-0.426662,0.426662,0.007062,-0.0353,-1.303869,,,,,0.573382
20260806_143623_657877,2026-08-06T14:36:30.141,2,100,line_walk,前后移动,后退,1.0,m,1,success,,3.288896,26,3.773947,-1.419548,0.110793,-59.062299,3.400899,-0.829716,0.156502,-62.692927,-0.373049,0.589832,0.045708,1.0,0.697701,-0.302299,0.302299,0.016738,0.045708,-3.630628,,,,,0.697902
20260806_143623_657877,2026-08-06T14:36:33.505,3,100,line_walk,前后移动,前进,1.0,m,2,success,,3.363693,26,3.400895,-0.830049,0.156689,-62.710139,3.661113,-1.371921,0.128162,-63.994877,0.260218,-0.541872,-0.028527,1.0,0.600869,-0.399131,0.399131,-0.017189,-0.028527,-1.284738,,,,,0.601115
20260806_143623_657877,2026-08-06T14:36:36.778,4,100,line_walk,前后移动,后退,1.0,m,2,success,,3.269237,23,3.661098,-1.371913,0.12816,-63.991633,3.348236,-0.75012,0.176191,-67.647273,-0.312862,0.621793,0.04803,1.0,0.696015,-0.303985,0.303985,0.008521,0.04803,-3.65564,,,,,0.696067
20260806_143623_657877,2026-08-06T14:36:40.074,5,100,line_walk,前后移动,前进,1.0,m,3,success,,3.294105,25,3.348258,-0.750228,0.17625,-67.649595,3.545509,-1.280686,0.1498,-70.700156,0.197251,-0.530458,-0.02645,1.0,0.565616,-0.434384,0.434384,-0.019285,-0.02645,-3.050561,,,,,0.565945
20260806_143623_657877,2026-08-06T14:36:43.334,6,100,line_walk,前后移动,后退,1.0,m,3,success,,3.256398,28,3.545499,-1.280717,0.149836,-70.696679,3.285419,-0.602646,0.180006,-73.268457,-0.26008,0.678071,0.03017,1.0,0.725925,-0.274075,0.274075,0.02131,0.03017,-2.571778,,,,,0.726238
20260806_143623_657877,2026-08-06T14:36:46.513,7,100,line_walk,前后移动,前进,1.0,m,4,success,,3.176924,25,3.285368,-0.602419,0.179985,-73.275451,3.45721,-1.185316,0.17724,-75.589546,0.171841,-0.582897,-0.002745,1.0,0.607691,-0.392309,0.392309,-0.003169,-0.002745,-2.314095,,,,,0.607699
20260806_143623_657877,2026-08-06T14:36:49.785,8,100,line_walk,前后移动,后退,1.0,m,4,success,,3.269918,26,3.457182,-1.185275,0.177235,-75.589389,3.259823,-0.514276,0.216121,-77.646164,-0.197359,0.670999,0.038886,1.0,0.699004,-0.300996,0.300996,0.024158,0.038886,-2.056775,,,,,0.699421
20260806_143623_657877,2026-08-06T14:36:52.867,9,100,line_walk,前后移动,前进,1.0,m,5,success,,3.079244,22,3.259793,-0.514354,0.216138,-77.646164,3.345319,-1.074154,0.208331,-82.476187,0.085527,-0.559801,-0.007807,1.0,0.565137,-0.434863,0.434863,-0.036222,-0.007807,-4.830023,,,,,0.566296
20260806_143623_657877,2026-08-06T14:36:56.120,10,100,line_walk,前后移动,后退,1.0,m,5,success,,3.249125,23,3.345276,-1.07395,0.208356,-82.490817,3.245003,-0.398839,0.245678,-86.109493,-0.100274,0.675111,0.037322,1.0,0.682425,-0.317575,0.317575,0.011187,0.037322,-3.618675,,,,,0.682517
20260806_143623_657877,2026-08-06T14:36:59.326,11,100,line_walk,前后移动,前进,1.0,m,6,success,,3.201789,24,3.24467,-0.400294,0.246482,-86.123693,3.262055,-0.970656,0.222937,-86.104227,0.017385,-0.570361,-0.023545,1.0,0.570232,-0.429768,0.429768,-0.021213,-0.023545,0.019466,,,,,0.570626
20260806_143623_657877,2026-08-06T14:37:02.579,12,100,line_walk,前后移动,后退,1.0,m,6,success,,3.251469,24,3.26205,-0.970577,0.222961,-86.099439,3.19292,-0.272605,0.271883,-88.83551,-0.06913,0.697971,0.048922,1.0,0.701057,-0.298943,0.298943,0.021491,0.048922,-2.736071,,,,,0.701386
20260806_143623_657877,2026-08-06T14:37:05.760,13,100,line_walk,前后移动,前进,1.0,m,7,success,,3.174749,23,3.192816,-0.272673,0.271917,-88.828092,3.193357,-0.86633,0.244668,-91.236622,0.00054,-0.593657,-0.027249,1.0,0.593544,-0.406456,0.406456,-0.011601,-0.027249,-2.40853,,,,,0.593657
20260806_143623_657877,2026-08-06T14:37:09.032,14,100,line_walk,前后移动,后退,1.0,m,7,success,,3.268382,25,3.193429,-0.866379,0.244665,-91.234347,3.196624,-0.1663,0.289183,-94.429571,0.003195,0.700079,0.044518,1.0,0.699985,-0.300015,0.300015,0.011887,0.044518,-3.195224,,,,,0.700086
20260806_143623_657877,2026-08-06T14:37:12.423,15,100,line_walk,前后移动,前进,1.0,m,8,success,,3.388733,27,3.196631,-0.166384,0.2892,-94.414579,3.141432,-0.776561,0.267594,-95.243074,-0.055199,-0.610177,-0.021605,1.0,0.612615,-0.387385,0.387385,-0.008068,-0.021605,-0.828495,,,,,0.612668
20260806_143623_657877,2026-08-06T14:37:15.587,16,100,line_walk,前后移动,后退,1.0,m,8,success,,3.161267,24,3.141416,-0.776513,0.267586,-95.236415,3.193426,-0.069255,0.30853,-98.718008,0.05201,0.707258,0.040944,1.0,0.709053,-0.290947,0.290947,0.012755,0.040944,-3.481593,,,,,0.709168
20260806_143623_657877,2026-08-06T14:37:18.764,17,100,line_walk,前后移动,前进,1.0,m,9,success,,3.174099,23,3.193402,-0.069336,0.30857,-98.716307,3.090124,-0.680855,0.287523,-100.473121,-0.103279,-0.611519,-0.021048,1.0,0.620108,-0.379892,0.379892,-0.009415,-0.021048,-1.756813,,,,,0.620179
20260806_143623_657877,2026-08-06T14:37:22.036,18,100,line_walk,前后移动,后退,1.0,m,9,success,,3.269371,25,3.090096,-0.680912,0.287514,-100.472547,3.204284,0.012656,0.32767,-103.893256,0.114188,0.693568,0.040156,1.0,0.70277,-0.29723,0.29723,0.01378,0.040156,-3.420709,,,,,0.702905
20260806_143623_657877,2026-08-06T14:37:25.213,19,100,line_walk,前后移动,前进,1.0,m,10,success,,3.173796,26,3.204247,0.012637,0.327672,-103.89383,3.047834,-0.577522,0.309694,-105.649653,-0.156413,-0.590159,-0.017978,1.0,0.610451,-0.389549,0.389549,-0.010125,-0.017978,-1.755823,,,,,0.610535
20260806_143623_657877,2026-08-06T14:37:26.154,20,100,line_walk,前后移动,后退,1.0,m,10,success,,0.937972,8,3.04784,-0.577486,0.309711,-105.649653,3.062676,-0.530119,0.315842,-101.313678,0.014836,0.047367,0.006131,1.0,0.049613,-0.950387,0.950387,-0.001509,0.006131,4.335975,,,,,0.049636
20260806_143623_657877,2026-08-06T14:37:27.087,21,100,line_walk,前后移动,前进,1.0,m,11,success,,0.93031,8,3.062345,-0.53167,0.315862,-101.343103,3.008838,-0.713621,0.311728,-99.394655,-0.053507,-0.181951,-0.004133,1.0,0.188921,-0.811079,0.811079,-0.016675,-0.004133,1.948448,,,,,0.189655
20260806_143623_657877,2026-08-06T14:37:30.234,22,100,line_walk,前后移动,后退,1.0,m,11,success,,3.143436,24,3.009317,-0.710596,0.311726,-99.286061,3.10505,0.080026,0.358777,-101.815642,0.095732,0.790623,0.047051,1.0,0.795709,-0.204291,0.204291,0.0331,0.047051,-2.529581,,,,,0.796397
20260806_143623_657877,2026-08-06T14:37:33.505,23,100,line_walk,前后移动,前进,1.0,m,12,success,,3.263733,26,3.104936,0.079926,0.358848,-101.819119,2.963928,-0.508531,0.330813,-102.495881,-0.141008,-0.588456,-0.028035,1.0,0.604862,-0.395138,0.395138,-0.017489,-0.028035,-0.676762,,,,,0.605115
20260806_143623_657877,2026-08-06T14:37:36.686,24,100,line_walk,前后移动,后退,1.0,m,12,success,,3.179024,24,2.963959,-0.508487,0.330807,-102.487938,3.098005,0.178016,0.376887,-105.447254,0.134045,0.686503,0.04608,1.0,0.699247,-0.300753,0.300753,0.017571,0.04608,-2.959316,,,,,0.699467
20260806_143623_657877,2026-08-06T14:37:39.768,25,100,line_walk,前后移动,前进,1.0,m,13,success,,3.078891,21,3.097924,0.177838,0.376993,-105.455737,2.929689,-0.385442,0.349731,-107.935048,-0.168235,-0.56328,-0.027262,1.0,0.587743,-0.412257,0.412257,-0.012041,-0.027262,-2.479311,,,,,0.587867
20260806_143623_657877,2026-08-06T14:37:43.033,26,100,line_walk,前后移动,后退,1.0,m,13,success,,3.262947,25,2.92971,-0.385409,0.349731,-107.931011,3.121033,0.277841,0.39714,-109.836067,0.191324,0.66325,0.047408,1.0,0.689937,-0.310063,0.310063,0.022165,0.047408,-1.905056,,,,,0.690293
20260806_143623_657877,2026-08-06T14:37:46.321,27,100,line_walk,前后移动,前进,1.0,m,14,success,,3.284904,27,3.120961,0.277706,0.397195,-109.839141,2.911217,-0.259728,0.370577,-113.143258,-0.209743,-0.537434,-0.026617,1.0,0.57672,-0.42328,0.42328,-0.0149,-0.026617,-3.304118,,,,,0.576912
20260806_143623_657877,2026-08-06T14:37:49.587,28,100,line_walk,前后移动,后退,1.0,m,14,success,,3.263728,26,2.911227,-0.259691,0.370581,-113.144904,3.18143,0.416503,0.400787,-116.164852,0.270203,0.676194,0.030206,1.0,0.727975,-0.272025,0.272025,0.017328,0.030206,-3.019948,,,,,0.728181
20260806_143623_657877,2026-08-06T14:37:52.664,29,100,line_walk,前后移动,前进,1.0,m,15,success,,3.073709,25,3.181421,0.416501,0.400759,-116.163937,2.896845,-0.125148,0.394584,-117.89539,-0.284576,-0.541649,-0.006175,1.0,0.611631,-0.388369,0.388369,-0.016582,-0.006175,-1.731453,,,,,0.611856
20260806_143623_657877,2026-08-06T14:37:55.789,30,100,line_walk,前后移动,后退,1.0,m,15,success,,3.118132,30,2.896908,-0.125138,0.394601,-117.890991,3.202265,0.484592,0.43744,-121.373076,0.305357,0.609731,0.042839,1.0,0.681747,-0.318253,0.318253,0.01534,0.042839,-3.482085,,,,,0.68192
20260806_143623_657877,2026-08-06T14:37:58.894,31,100,line_walk,前后移动,前进,1.0,m,16,success,,3.10145,29,3.202241,0.484471,0.437482,-121.378732,2.877293,0.001543,0.40937,-124.189969,-0.324948,-0.482928,-0.028113,1.0,0.581495,-0.418505,0.418505,-0.025965,-0.028113,-2.811238,,,,,0.582074
20260806_143623_657877,2026-08-06T14:38:01.953,32,100,line_walk,前后移动,后退,1.0,m,16,success,,3.056013,30,2.877285,0.001581,0.409378,-124.191677,3.26805,0.603521,0.444966,-127.742583,0.390765,0.60194,0.035588,1.0,0.717498,-0.282502,0.282502,0.015042,0.035588,-3.550906,,,,,0.717655
20260806_143623_657877,2026-08-06T14:38:05.260,33,100,line_walk,前后移动,前进,1.0,m,17,success,,3.304698,25,3.268007,0.603462,0.444968,-127.741954,2.883748,0.120991,0.434967,-129.081232,-0.384259,-0.482471,-0.010001,1.0,0.616734,-0.383266,0.383266,-0.008539,-0.010001,-1.339277,,,,,0.616793
20260806_143623_657877,2026-08-06T14:38:08.426,34,100,line_walk,前后移动,后退,1.0,m,17,success,,3.162875,25,2.883744,0.121108,0.434994,-129.077721,3.306969,0.660668,0.481304,-132.640771,0.423225,0.53956,0.046311,1.0,0.685646,-0.314354,0.314354,0.011579,0.046311,-3.56305,,,,,0.685744
20260806_143623_657877,2026-08-06T14:38:11.616,35,100,line_walk,前后移动,前进,1.0,m,18,success,,3.188126,23,3.306967,0.660699,0.481349,-132.642479,2.889925,0.236031,0.450325,-133.782451,-0.417041,-0.424667,-0.031024,1.0,0.594896,-0.405104,0.405104,-0.019095,-0.031024,-1.139972,,,,,0.595202
20260806_143623_657877,2026-08-06T14:38:14.778,36,100,line_walk,前后移动,后退,1.0,m,18,success,,3.159874,23,2.889889,0.236051,0.450317,-133.782451,3.361338,0.743309,0.501465,-136.808402,0.471449,0.507258,0.051148,1.0,0.692432,-0.307568,0.307568,0.01061,0.051148,-3.025951,,,,,0.692513
20260806_143623_657877,2026-08-06T14:38:17.959,37,100,line_walk,前后移动,前进,1.0,m,19,success,,3.177818,25,3.361282,0.743261,0.501512,-136.806708,2.934548,0.364681,0.476025,-139.850828,-0.426735,-0.37858,-0.025487,1.0,0.570234,-0.429766,0.429766,-0.01608,-0.025487,-3.04412,,,,,0.57046
20260806_143623_657877,2026-08-06T14:38:21.156,38,100,line_walk,前后移动,后退,1.0,m,19,success,,3.1911,24,2.93458,0.36478,0.476046,-139.843274,3.442189,0.811246,0.519814,-143.116464,0.507609,0.446466,0.043768,1.0,0.675875,-0.324125,0.324125,0.013879,0.043768,-3.273191,,,,,0.676017
20260806_143623_657877,2026-08-06T14:38:24.384,39,100,line_walk,前后移动,前进,1.0,m,20,success,,3.225079,25,3.442001,0.811221,0.519863,-143.115576,2.959167,0.48001,0.488852,-145.245844,-0.482834,-0.331212,-0.031011,1.0,0.584988,-0.415012,0.415012,-0.024879,-0.031011,-2.130268,,,,,0.585517
20260806_143623_657877,2026-08-06T14:38:27.484,40,100,line_walk,前后移动,后退,1.0,m,20,success,,3.096753,24,2.9592,0.479999,0.48886,-145.244642,3.518552,0.881316,0.540274,-148.249857,0.559352,0.401317,0.051414,1.0,0.68834,-0.31166,0.31166,0.010848,0.051414,-3.005215,,,,,0.688425
20260806_143623_657877,2026-08-06T14:38:30.759,41,100,line_walk,前后移动,前进,1.0,m,21,success,,3.271868,25,3.518361,0.881202,0.540323,-148.246893,3.038668,0.600535,0.515111,-151.921029,-0.479693,-0.280667,-0.025212,1.0,0.555598,-0.444402,0.444402,-0.013785,-0.025212,-3.674136,,,,,0.555769
20260806_143623_657877,2026-08-06T14:38:34.135,42,100,line_walk,前后移动,后退,1.0,m,21,success,,3.372817,26,3.038683,0.600572,0.515121,-151.91995,3.633944,0.93475,0.556832,-155.681048,0.595261,0.334179,0.041711,1.0,0.682493,-0.317507,0.317507,0.01465,0.041711,-3.761098,,,,,0.68265
20260806_143623_657877,2026-08-06T14:38:37.435,43,100,line_walk,前后移动,前进,1.0,m,22,success,,3.29694,26,3.633817,0.934762,0.5569,-155.679245,3.125063,0.731138,0.534561,-158.977134,-0.508754,-0.203624,-0.022339,1.0,0.547465,-0.452535,0.452535,-0.023974,-0.022339,-3.297889,,,,,0.54799
20260806_143623_657877,2026-08-06T14:38:40.602,44,100,line_walk,前后移动,后退,1.0,m,22,success,,3.164876,22,3.125118,0.731107,0.534599,-158.974128,3.764743,0.994554,0.57784,-162.686746,0.639625,0.263447,0.043241,1.0,0.69156,-0.30844,0.30844,0.016416,0.043241,-3.712618,,,,,0.691755
20260806_143623_657877,2026-08-06T14:38:43.767,45,100,line_walk,前后移动,前进,1.0,m,23,success,,3.162054,23,3.764654,0.99447,0.577863,-162.686746,3.219874,0.844855,0.55539,-165.33701,-0.54478,-0.149615,-0.022473,1.0,0.564621,-0.435379,0.435379,-0.019288,-0.022473,-2.650264,,,,,0.564951
20260806_143623_657877,2026-08-06T14:38:46.934,46,100,line_walk,前后移动,后退,1.0,m,23,success,,3.160577,28,3.219911,0.84495,0.555396,-165.329742,3.875188,1.039591,0.599501,-169.085923,0.655277,0.194641,0.044105,1.0,0.683209,-0.316791,0.316791,0.022343,0.044105,-3.756181,,,,,0.683574
20260806_143623_657877,2026-08-06T14:38:50.106,47,100,line_walk,前后移动,前进,1.0,m,24,success,,3.168851,25,3.875046,1.039664,0.599579,-169.092575,3.283342,0.943484,0.568746,-170.168576,-0.591704,-0.09618,-0.030832,1.0,0.599214,-0.400786,0.400786,-0.017521,-0.030832,-1.076001,,,,,0.59947
20260806_143623_657877,2026-08-06T14:38:53.282,48,100,line_walk,前后移动,后退,1.0,m,24,success,,3.169399,23,3.283359,0.943475,0.568759,-170.160831,3.956955,1.072015,0.619294,-174.260174,0.673596,0.128541,0.050536,1.0,0.685654,-0.314346,0.314346,0.011544,0.050536,-4.099343,,,,,0.685751
20260806_143623_657877,2026-08-06T14:38:56.566,49,100,line_walk,前后移动,前进,1.0,m,25,success,,3.281233,24,3.956824,1.071948,0.619404,-174.262714,3.378825,1.031357,0.590496,-176.404935,-0.577999,-0.040591,-0.028909,1.0,0.579161,-0.420839,0.420839,-0.017393,-0.028909,-2.142221,,,,,0.579422
20260806_143623_657877,2026-08-06T14:38:59.785,50,100,line_walk,前后移动,后退,1.0,m,25,success,,3.217979,22,3.378917,1.031373,0.590511,-176.399102,4.070748,1.091197,0.631044,-179.483397,0.691832,0.059825,0.040533,1.0,0.694223,-0.305777,0.305777,0.016255,0.040533,-3.084295,,,,,0.694413
20260806_143623_657877,2026-08-06T14:39:03.118,51,100,line_walk,前后移动,前进,1.0,m,26,success,,3.330939,26,4.070694,1.091206,0.631095,-179.479545,3.474358,1.08999,0.614533,178.823587,-0.596336,-0.001216,-0.016561,1.0,0.596322,-0.403678,0.403678,-0.004201,-0.016561,-1.696869,,,,,0.596337
20260806_143623_657877,2026-08-06T14:39:06.261,52,100,line_walk,前后移动,后退,1.0,m,26,success,,3.139898,27,3.474431,1.090006,0.614542,178.827535,4.199163,1.091525,0.639434,176.659073,0.724732,0.001519,0.024891,1.0,0.72455,-0.27545,0.27545,0.016348,0.024891,-2.168462,,,,,0.724734
20260806_143623_657877,2026-08-06T14:39:09.359,53,100,line_walk,前后移动,前进,1.0,m,27,success,,3.095255,22,4.199038,1.091678,0.639498,176.669755,3.597682,1.12884,0.637652,173.353384,-0.601356,0.037162,-0.001846,1.0,0.6025,-0.3975,0.3975,-0.002166,-0.001846,-3.316371,,,,,0.602503
20260806_143623_657877,2026-08-06T14:39:12.531,54,100,line_walk,前后移动,后退,1.0,m,27,success,,3.167574,25,3.597841,1.128798,0.63766,173.34792,4.276274,1.068808,0.683066,169.541401,0.678432,-0.05999,0.045406,1.0,0.680814,-0.319186,0.319186,0.019003,0.045406,-3.806519,,,,,0.68108
20260806_143623_657877,2026-08-06T14:39:15.707,55,100,line_walk,前后移动,前进,1.0,m,28,success,,3.173837,24,4.276065,1.06889,0.683158,169.534625,3.711986,1.188543,0.656333,169.317248,-0.564079,0.119653,-0.026825,1.0,0.576429,-0.423571,0.423571,-0.015203,-0.026825,-0.217378,,,,,0.57663
20260806_143623_657877,2026-08-06T14:39:18.980,56,100,line_walk,前后移动,后退,1.0,m,28,success,,3.270645,24,3.711995,1.188583,0.656356,169.325539,4.386577,1.063453,0.704464,165.063843,0.674581,-0.125131,0.048108,1.0,0.686086,-0.313914,0.313914,0.001987,0.048108,-4.261697,,,,,0.686089
20260806_143623_657877,2026-08-06T14:39:22.160,57,100,line_walk,前后移动,前进,1.0,m,29,success,,3.1775,22,4.386434,1.06356,0.70455,165.058406,3.823373,1.22957,0.678696,164.234999,-0.563061,0.166011,-0.025854,1.0,0.586826,-0.413174,0.413174,-0.015221,-0.025854,-0.823407,,,,,0.587024
20260806_143623_657877,2026-08-06T14:39:25.341,58,100,line_walk,前后移动,后退,1.0,m,29,success,,3.17732,25,3.823391,1.22953,0.678701,164.241352,4.493717,1.05374,0.726404,161.284535,0.670326,-0.175791,0.047702,1.0,0.692874,-0.307126,0.307126,0.012868,0.047702,-2.956816,,,,,0.692993
20260806_143623_657877,2026-08-06T14:39:28.507,59,100,line_walk,前后移动,前进,1.0,m,30,success,,3.162447,24,4.49358,1.053956,0.726482,161.288579,3.98585,1.238656,0.70592,157.25971,-0.50773,0.1847,-0.020562,1.0,0.540146,-0.459854,0.459854,-0.012057,-0.020562,-4.028869,,,,,0.540281
20260806_143623_657877,2026-08-06T14:39:31.786,60,100,line_walk,前后移动,后退,1.0,m,30,success,,3.27554,23,3.985944,1.238627,0.705921,157.26363,4.619778,0.989079,0.736085,154.064247,0.633834,-0.249549,0.030164,1.0,0.681029,-0.318971,0.318971,0.014814,0.030164,-3.199384,,,,,0.68119
20260806_143623_657877,2026-08-06T14:39:34.963,61,100,line_walk,前后移动,前进,1.0,m,31,success,,3.174592,23,4.619786,0.9891,0.736123,154.056638,4.160119,1.251616,0.731406,151.855364,-0.459667,0.262516,-0.004717,1.0,0.528191,-0.471809,0.471809,-0.034965,-0.004717,-2.201274,,,,,0.529347
20260806_143623_657877,2026-08-06T14:39:38.132,62,100,line_walk,前后移动,后退,1.0,m,31,success,,3.166293,24,4.160176,1.251563,0.73139,151.855978,4.763851,0.947365,0.758988,149.033908,0.603675,-0.304197,0.027599,1.0,0.675786,-0.324214,0.324214,0.016517,0.027599,-2.82207,,,,,0.675988
20260806_143623_657877,2026-08-06T14:39:41.312,63,100,line_walk,前后移动,前进,1.0,m,32,success,,3.177603,25,4.763853,0.947425,0.759008,149.034741,4.282919,1.269052,0.752769,144.52138,-0.480934,0.321626,-0.006239,1.0,0.577874,-0.422126,0.422126,-0.028339,-0.006239,-4.513362,,,,,0.578568
20260806_143623_657877,2026-08-06T14:39:44.481,64,100,line_walk,前后移动,后退,1.0,m,32,success,,3.16635,26,4.282944,1.269082,0.752781,144.516312,4.847409,0.880377,0.785515,141.173084,0.564466,-0.388705,0.032734,1.0,0.685266,-0.314734,0.314734,0.011141,0.032734,-3.343227,,,,,0.685356
20260806_143623_657877,2026-08-06T14:39:47.558,65,100,line_walk,前后移动,前进,1.0,m,33,success,,3.074438,25,4.847336,0.880595,0.785621,141.168399,4.416039,1.263187,0.772858,141.510783,-0.431297,0.382592,-0.012763,1.0,0.575875,-0.424125,0.424125,-0.027599,-0.012763,0.342384,,,,,0.576536
20260806_143623_657877,2026-08-06T14:39:50.770,66,100,line_walk,前后移动,后退,1.0,m,33,success,,3.208853,27,4.416111,1.263139,0.772898,141.53671,4.968589,0.830799,0.80748,137.17685,0.552478,-0.43234,0.034582,1.0,0.701516,-0.298484,0.298484,0.005123,0.034582,-4.35986,,,,,0.701534
20260806_143623_657877,2026-08-06T14:39:53.905,67,100,line_walk,前后移动,前进,1.0,m,34,success,,3.132431,25,4.96853,0.830844,0.807538,137.178967,4.521358,1.245357,0.797158,135.750064,-0.447172,0.414512,-0.01038,1.0,0.60974,-0.39026,0.39026,-8.9e-05,-0.01038,-1.428903,,,,,0.60974
20260806_143623_657877,2026-08-06T14:39:57.079,68,100,line_walk,前后移动,后退,1.0,m,34,success,,3.167924,23,4.521312,1.245352,0.79719,135.758793,5.044219,0.772161,0.836318,132.780899,0.522907,-0.473191,0.039128,1.0,0.704751,-0.295249,0.295249,0.025824,0.039128,-2.977894,,,,,0.705224
20260806_143623_657877,2026-08-06T14:40:00.256,69,100,line_walk,前后移动,前进,1.0,m,35,success,,3.174181,24,5.044171,0.772265,0.836403,132.777307,4.649583,1.221263,0.821185,130.164281,-0.394588,0.448998,-0.015218,1.0,0.597549,-0.402451,0.402451,-0.01531,-0.015218,-2.613025,,,,,0.597745
20260806_143623_657877,2026-08-06T14:40:03.431,70,100,line_walk,前后移动,后退,1.0,m,35,success,,3.169064,25,4.649628,1.221283,0.821206,130.16618,5.104132,0.699033,0.858189,127.186633,0.454504,-0.52225,0.036983,1.0,0.692249,-0.307751,0.307751,0.010467,0.036983,-2.979547,,,,,0.692328
20260806_143623_657877,2026-08-06T14:40:06.771,71,100,line_walk,前后移动,前进,1.0,m,36,success,,3.336451,27,5.104082,0.699148,0.858223,127.190335,4.755662,1.192246,0.841271,125.423556,-0.34842,0.493099,-0.016951,1.0,0.603426,-0.396574,0.396574,-0.020499,-0.016951,-1.766779,,,,,0.603774
20260806_143623_657877,2026-08-06T14:40:09.938,72,100,line_walk,前后移动,后退,1.0,m,36,success,,3.164823,25,4.755706,1.192143,0.841267,125.42719,5.172803,0.617613,0.873183,121.804444,0.417098,-0.57453,0.031916,1.0,0.709935,-0.290065,0.290065,0.006837,0.031916,-3.622746,,,,,0.709968
20260806_143623_657877,2026-08-06T14:40:13.143,73,100,line_walk,前后移动,前进,1.0,m,37,success,,3.202682,29,5.172769,0.617665,0.873224,121.805632,4.86039,1.135665,0.865758,120.612302,-0.312378,0.518,-0.007466,1.0,0.604853,-0.395147,0.395147,-0.007534,-0.007466,-1.19333,,,,,0.6049
20260806_143623_657877,2026-08-06T14:40:16.252,74,100,line_walk,前后移动,后退,1.0,m,37,success,,3.106495,31,4.860891,1.134907,0.865906,120.661111,5.21974,0.556791,0.900699,117.505932,0.358849,-0.578116,0.034792,1.0,0.680293,-0.319707,0.319707,0.013866,0.034792,-3.155179,,,,,0.680434
20260806_143623_657877,2026-08-06T14:40:19.512,75,100,line_walk,前后移动,前进,1.0,m,38,success,,3.2568,26,5.219389,0.557999,0.901454,117.493297,4.969794,1.088359,0.877462,114.737192,-0.249595,0.53036,-0.023992,1.0,0.585688,-0.414312,0.414312,-0.023431,-0.023992,-2.756104,,,,,0.586156
20260806_143623_657877,2026-08-06T14:40:22.777,76,100,line_walk,前后移动,后退,1.0,m,38,success,,3.261708,24,4.969805,1.088375,0.877459,114.737862,5.272858,0.460654,0.913433,111.399286,0.303053,-0.627721,0.035974,1.0,0.696934,-0.303066,0.303066,0.012562,0.035974,-3.338576,,,,,0.697047
20260806_143623_657877,2026-08-06T14:40:25.859,77,100,line_walk,前后移动,前进,1.0,m,39,success,,3.080012,23,5.272841,0.46071,0.913452,111.399962,5.060043,1.031552,0.901098,109.400151,-0.212799,0.570842,-0.012354,1.0,0.609131,-0.390869,0.390869,-0.010159,-0.012354,-1.999811,,,,,0.609216
20260806_143623_657877,2026-08-06T14:40:29.022,78,100,line_walk,前后移动,后退,1.0,m,39,success,,3.159814,25,5.060041,1.031524,0.901099,109.400807,5.291529,0.377575,0.941831,105.563128,0.231488,-0.653949,0.040732,1.0,0.693711,-0.306289,0.306289,0.001118,0.040732,-3.837678,,,,,0.693712
20260806_143623_657877,2026-08-06T14:40:32.213,79,100,line_walk,前后移动,前进,1.0,m,40,success,,3.1885,24,5.291507,0.37774,0.941908,105.565553,5.144588,0.966387,0.918655,103.499127,-0.146919,0.588647,-0.023253,1.0,0.606482,-0.393518,0.393518,-0.016428,-0.023253,-2.066426,,,,,0.606705
20260806_143623_657877,2026-08-06T14:40:35.387,80,100,line_walk,前后移动,后退,1.0,m,40,success,,3.170815,22,5.144616,0.966332,0.918679,103.500623,5.315623,0.28976,0.960513,100.19587,0.171007,-0.676572,0.041834,1.0,0.6978,-0.3022,0.3022,0.008332,0.041834,-3.304753,,,,,0.697849
20260806_143623_657877,2026-08-06T14:40:38.556,81,100,line_walk,前后移动,前进,1.0,m,41,success,,3.166024,24,5.315606,0.289798,0.960538,100.19701,5.213466,0.884645,0.942822,98.537206,-0.10214,0.594847,-0.017716,1.0,0.603533,-0.396467,0.396467,-0.004781,-0.017716,-1.659804,,,,,0.603552
20260806_143623_657877,2026-08-06T14:40:41.725,82,100,line_walk,前后移动,后退,1.0,m,41,success,,3.165624,24,5.213533,0.884598,0.942822,98.539651,5.328051,0.201714,0.987752,95.093753,0.114518,-0.682885,0.04493,1.0,0.692319,-0.307681,0.307681,0.011844,0.04493,-3.445899,,,,,0.692421
20260806_143623_657877,2026-08-06T14:40:44.895,83,100,line_walk,前后移动,前进,1.0,m,42,success,,3.167445,24,5.328043,0.201925,0.987855,95.088268,5.298395,0.779272,0.958938,92.810311,-0.029648,0.577347,-0.028917,1.0,0.577701,-0.422299,0.422299,-0.021674,-0.028917,-2.277957,,,,,0.578107
20260806_143623_657877,2026-08-06T14:40:48.072,84,100,line_walk,前后移动,后退,1.0,m,42,success,,3.174576,27,5.298441,0.779203,0.958931,92.811267,5.34232,0.060467,0.993249,90.182013,0.043879,-0.718736,0.034318,1.0,0.720023,-0.279977,0.279977,0.008575,0.034318,-2.629254,,,,,0.720074
20260806_143623_657877,2026-08-06T14:40:51.258,85,100,line_walk,前后移动,前进,1.0,m,43,success,,3.182649,28,5.34241,0.060373,0.993212,90.18256,5.342664,0.68462,0.984949,89.713333,0.000254,0.624247,-0.008263,1.0,0.624243,-0.375757,0.375757,-0.002243,-0.008263,-0.469227,,,,,0.624247
20260806_143623_657877,2026-08-06T14:40:54.526,86,100,line_walk,前后移动,后退,1.0,m,43,success,,3.265602,25,5.342685,0.684508,0.984972,89.720327,5.342341,-0.01448,1.029734,86.256704,-0.000344,-0.698988,0.044762,1.0,0.698982,-0.301018,0.301018,0.003068,0.044762,-3.463623,,,,,0.698988
20260806_143623_657877,2026-08-06T14:40:57.713,87,100,line_walk,前后移动,前进,1.0,m,44,success,,3.183681,24,5.34229,-0.01451,1.029738,86.258848,5.394224,0.598917,1.008993,84.87846,0.051934,0.613427,-0.020744,1.0,0.615509,-0.384491,0.384491,-0.011798,-0.020744,-1.380388,,,,,0.615622
20260806_143623_657877,2026-08-06T14:41:00.981,88,100,line_walk,前后移动,后退,1.0,m,44,success,,3.265833,24,5.394216,0.598845,1.008992,84.883364,5.342617,-0.117292,1.055306,81.843698,-0.051599,-0.716138,0.046314,1.0,0.717886,-0.282114,0.282114,0.012475,0.046314,-3.039666,,,,,0.717994
20260806_143623_657877,2026-08-06T14:41:04.157,89,100,line_walk,前后移动,前进,1.0,m,45,success,,3.173297,25,5.342654,-0.117331,1.055296,81.839333,5.436213,0.481085,1.03598,80.572279,0.093559,0.598416,-0.019316,1.0,0.605637,-0.394363,0.394363,-0.007667,-0.019316,-1.267055,,,,,0.605686
20260806_143623_657877,2026-08-06T14:41:07.323,90,100,line_walk,前后移动,后退,1.0,m,45,success,,3.162825,25,5.436186,0.481031,1.035985,80.57624,5.32446,-0.231483,1.069104,78.093699,-0.111727,-0.712514,0.033119,1.0,0.721192,-0.278808,0.278808,0.006445,0.033119,-2.482542,,,,,0.721221
20260806_143623_657877,2026-08-06T14:41:10.503,91,100,line_walk,前后移动,前进,1.0,m,46,success,,3.177271,25,5.324675,-0.231326,1.069166,78.100208,5.473404,0.375019,1.057994,76.929466,0.14873,0.606345,-0.011173,1.0,0.623983,-0.376017,0.376017,-0.020505,-0.011173,-1.170742,,,,,0.62432
20260806_143623_657877,2026-08-06T14:41:13.709,92,100,line_walk,前后移动,后退,1.0,m,46,success,,3.198391,23,5.473397,0.374916,1.058034,76.935312,5.328234,-0.339291,1.09729,73.663256,-0.145163,-0.714207,0.039256,1.0,0.728534,-0.271466,0.271466,0.020042,0.039256,-3.272057,,,,,0.72881
20260806_143623_657877,2026-08-06T14:41:16.948,93,100,line_walk,前后移动,前进,1.0,m,47,success,,3.236763,30,5.328258,-0.339363,1.097275,73.666363,5.498801,0.236134,1.085073,72.305277,0.170543,0.575497,-0.012202,1.0,0.600232,-0.399768,0.399768,-0.001813,-0.012202,-1.361086,,,,,0.600234
20260806_143623_657877,2026-08-06T14:41:20.226,94,100,line_walk,前后移动,后退,1.0,m,47,success,,3.270423,25,5.498682,0.235255,1.085083,72.327052,5.307127,-0.429932,1.130416,69.34493,-0.191555,-0.665187,0.045333,1.0,0.691946,-0.308054,0.308054,0.019425,0.045333,-2.982122,,,,,0.692218
20260806_143623_657877,2026-08-06T14:41:23.403,95,100,line_walk,前后移动,前进,1.0,m,48,success,,3.173726,24,5.307175,-0.429842,1.130518,69.34493,5.527643,0.107544,1.103095,67.758345,0.220468,0.537386,-0.027422,1.0,0.580611,-0.419389,0.419389,-0.016738,-0.027422,-1.586585,,,,,0.580852
20260806_143623_657877,2026-08-06T14:41:26.481,96,100,line_walk,前后移动,后退,1.0,m,48,success,,3.075033,23,5.527626,0.107499,1.103086,67.764854,5.274008,-0.536095,1.151225,65.212611,-0.253617,-0.643594,0.048139,1.0,0.691707,-0.308293,0.308293,0.008784,0.048139,-2.552244,,,,,0.691762
20260806_143623_657877,2026-08-06T14:41:29.665,97,100,line_walk,前后移动,前进,1.0,m,49,success,,3.181232,24,5.274004,-0.536048,1.151272,65.207358,5.543958,0.002963,1.124265,63.501478,0.269954,0.539011,-0.027007,1.0,0.602532,-0.397468,0.397468,-0.019046,-0.027007,-1.705881,,,,,0.602833
20260806_143623_657877,2026-08-06T14:41:32.833,98,100,line_walk,前后移动,后退,1.0,m,49,success,,3.164889,24,5.543981,0.002991,1.124277,63.50438,5.240228,-0.639896,1.165884,60.737,-0.303753,-0.642888,0.041607,1.0,0.710877,-0.289123,0.289123,0.014962,0.041607,-2.767381,,,,,0.711035
20260806_143623_657877,2026-08-06T14:41:35.998,99,100,line_walk,前后移动,前进,1.0,m,50,success,,3.1622,25,5.240253,-0.639914,1.165898,60.741514,5.53476,-0.114598,1.146754,59.607396,0.294507,0.525316,-0.019144,1.0,0.602238,-0.397762,0.397762,-0.000186,-0.019144,-1.134119,,,,,0.602238
20260806_143623_657877,2026-08-06T14:41:39.158,100,100,line_walk,前后移动,后退,1.0,m,50,success,,3.156904,23,5.534649,-0.114611,1.146761,59.608482,5.188277,-0.735237,1.179623,57.056074,-0.346372,-0.620626,0.032862,1.0,0.710576,-0.289424,0.289424,0.015202,0.032862,-2.552408,,,,,0.710739
20260806_143623_657877,2026-08-06T14:41:42.301,101,100,line_walk,前后移动,前进,1.0,m,51,success,,3.140164,26,5.188593,-0.735098,1.179602,57.04547,5.513859,-0.238252,1.173177,55.358567,0.325265,0.496847,-0.006425,1.0,0.593841,-0.406159,0.406159,-0.00266,-0.006425,-1.686903,,,,,0.593847
20260806_143623_657877,2026-08-06T14:41:45.534,102,100,line_walk,前后移动,后退,1.0,m,51,success,,3.230305,25,5.513783,-0.238382,1.17318,55.358362,5.141968,-0.813258,1.211906,52.939656,-0.371814,-0.574876,0.038726,1.0,0.684319,-0.315681,0.315681,0.020883,0.038726,-2.418707,,,,,0.684637
20260806_143623_657877,2026-08-06T14:41:48.700,103,100,line_walk,前后移动,前进,1.0,m,52,success,,3.164047,23,5.141957,-0.813085,1.211981,52.939656,5.507162,-0.376998,1.197811,49.397776,0.365205,0.436087,-0.01417,1.0,0.568091,-0.431909,0.431909,-0.028623,-0.01417,-3.54188,,,,,0.568812
20260806_143623_657877,2026-08-06T14:41:51.973,104,100,line_walk,前后移动,后退,1.0,m,52,success,,3.2713,23,5.50714,-0.377038,1.197831,49.396051,5.077107,-0.89615,1.242016,45.552608,-0.430033,-0.519112,0.044185,1.0,0.674,-0.326,0.326,0.011359,0.044185,-3.843443,,,,,0.674096
20260806_143623_657877,2026-08-06T14:41:55.084,105,100,line_walk,前后移动,前进,1.0,m,53,success,,3.10659,24,5.077269,-0.896024,1.242071,45.552673,5.507613,-0.495517,1.224259,40.938914,0.430344,0.400507,-0.017812,1.0,0.587269,-0.412731,0.412731,-0.026764,-0.017812,-4.613759,,,,,0.587879
20260806_143623_657877,2026-08-06T14:41:58.325,106,100,line_walk,前后移动,后退,1.0,m,53,success,,3.239067,23,5.507586,-0.495575,1.224259,40.92454,5.004867,-0.946269,1.257568,37.853772,-0.502719,-0.450695,0.033308,1.0,0.675075,-0.324925,0.324925,0.011219,0.033308,-3.070768,,,,,0.675168
20260806_143623_657877,2026-08-06T14:42:01.596,107,100,line_walk,前后移动,前进,1.0,m,54,success,,3.268309,25,5.004894,-0.946177,1.257657,37.847738,5.487326,-0.607313,1.247846,33.386665,0.482431,0.338864,-0.009811,1.0,0.588864,-0.411136,0.411136,-0.028421,-0.009811,-4.461073,,,,,0.58955
20260806_143623_657877,2026-08-06T14:42:04.679,108,100,line_walk,前后移动,后退,1.0,m,54,success,,3.080496,20,5.487295,-0.607329,1.247843,33.366434,4.930469,-0.984832,1.282599,30.324749,-0.556827,-0.377503,0.034757,1.0,0.672669,-0.327331,0.327331,0.00903,0.034757,-3.041685,,,,,0.672729
20260806_143623_657877,2026-08-06T14:42:07.847,109,100,line_walk,前后移动,前进,1.0,m,55,success,,3.165522,24,4.930604,-0.984786,1.282741,30.318896,5.436196,-0.708187,1.261877,30.822806,0.505593,0.276599,-0.020864,1.0,0.576073,-0.423927,0.423927,-0.016461,-0.020864,0.503911,,,,,0.576308
20260806_143623_657877,2026-08-06T14:42:11.022,110,100,line_walk,前后移动,后退,1.0,m,55,success,,3.171647,26,5.436228,-0.708266,1.261892,30.836477,4.83794,-1.079658,1.312278,27.90143,-0.598289,-0.371392,0.050386,1.0,0.704082,-0.295918,0.295918,0.012213,0.050386,-2.935047,,,,,0.704188
20260806_143623_657877,2026-08-06T14:42:14.210,111,100,line_walk,前后移动,前进,1.0,m,56,success,,3.185873,25,4.837997,-1.079683,1.312305,27.897655,5.332352,-0.829313,1.288612,24.769785,0.494355,0.250371,-0.023693,1.0,0.55405,-0.44595,0.44595,-0.010031,-0.023693,-3.12787,,,,,0.554141
20260806_143623_657877,2026-08-06T14:42:17.473,112,100,line_walk,前后移动,后退,1.0,m,56,success,,3.259682,24,5.332233,-0.829399,1.288609,24.772849,4.722303,-1.130996,1.327826,21.738838,-0.60993,-0.301597,0.039217,1.0,0.680178,-0.319822,0.319822,0.018269,0.039217,-3.034011,,,,,0.680423
20260806_143623_657877,2026-08-06T14:42:20.642,113,100,line_walk,前后移动,前进,1.0,m,57,success,,3.166079,25,4.722465,-1.130986,1.327917,21.728956,5.255172,-0.94319,1.30605,19.380872,0.532708,0.187796,-0.021868,1.0,0.564381,-0.435619,0.435619,-0.022765,-0.021868,-2.348084,,,,,0.56484
20260806_143623_657877,2026-08-06T14:42:23.928,114,100,line_walk,前后移动,后退,1.0,m,57,success,,3.283957,26,5.255097,-0.943233,1.306048,19.379142,4.609669,-1.176322,1.351481,15.318692,-0.645428,-0.233088,0.045433,1.0,0.686203,-0.313797,0.313797,0.005718,0.045433,-4.06045,,,,,0.686227
20260806_143623_657877,2026-08-06T14:42:27.262,115,100,line_walk,前后移动,前进,1.0,m,58,success,,3.330325,23,4.609741,-1.176271,1.351514,15.314684,5.193972,-1.033647,1.321739,14.314786,0.584231,0.142624,-0.029775,1.0,0.601155,-0.398845,0.398845,-0.016747,-0.029775,-0.999899,,,,,0.601388
20260806_143623_657877,2026-08-06T14:42:30.473,116,100,line_walk,前后移动,后退,1.0,m,58,success,,3.201627,21,5.19398,-1.033594,1.321812,14.320217,4.514376,-1.214215,1.368393,11.401213,-0.679604,-0.18062,0.046581,1.0,0.703162,-0.296838,0.296838,0.006914,0.046581,-2.919004,,,,,0.703196
20260806_143623_657877,2026-08-06T14:42:33.660,117,100,line_walk,前后移动,前进,1.0,m,59,success,,3.184653,24,4.514489,-1.21419,1.368424,11.398439,5.109175,-1.098716,1.347694,10.297726,0.594687,0.115474,-0.020731,1.0,0.605778,-0.394222,0.394222,-0.004332,-0.020731,-1.100713,,,,,0.605794
20260806_143623_657877,2026-08-06T14:42:36.839,118,100,line_walk,前后移动,后退,1.0,m,59,success,,3.177422,26,5.109132,-1.09869,1.347672,10.294983,4.425094,-1.240967,1.384753,7.444271,-0.684039,-0.142277,0.037081,1.0,0.698453,-0.301547,0.301547,0.017737,0.037081,-2.850712,,,,,0.698678
20260806_143623_657877,2026-08-06T14:42:40.108,119,100,line_walk,前后移动,前进,1.0,m,60,success,,3.267137,23,4.4251,-1.240963,1.384768,7.444493,5.023616,-1.159361,1.372848,6.662761,0.598516,0.081602,-0.011919,1.0,0.604044,-0.395956,0.395956,0.003367,-0.011919,-0.781732,,,,,0.604054
20260806_143623_657877,2026-08-06T14:42:43.383,120,100,line_walk,前后移动,后退,1.0,m,60,success,,3.27229,24,5.023558,-1.159324,1.372864,6.661089,4.343423,-1.248009,1.41505,3.209414,-0.680135,-0.088685,0.042186,1.0,0.685831,-0.314169,0.314169,0.009193,0.042186,-3.451674,,,,,0.685892
20260806_143623_657877,2026-08-06T14:42:46.552,121,100,line_walk,前后移动,前进,1.0,m,61,success,,3.168265,23,4.343557,-1.248038,1.415166,3.207065,4.937224,-1.217562,1.391704,4.362722,0.593667,0.030475,-0.023462,1.0,0.594442,-0.405558,0.405558,-0.002785,-0.023462,1.155657,,,,,0.594449
20260806_143623_657877,2026-08-06T14:42:49.832,122,100,line_walk,前后移动,后退,1.0,m,61,success,,3.272825,26,4.937192,-1.217597,1.391709,4.388867,4.232893,-1.286734,1.435195,1.307649,-0.704299,-0.069137,0.043485,1.0,0.707525,-0.292475,0.292475,0.015038,0.043485,-3.081218,,,,,0.707685
20260806_143623_657877,2026-08-06T14:42:53.108,123,100,line_walk,前后移动,前进,1.0,m,62,success,,3.272469,24,4.232984,-1.286724,1.435211,1.308095,4.826839,-1.282552,1.413071,-0.289208,0.593856,0.004173,-0.02214,1.0,0.593796,-0.406204,0.406204,-0.009385,-0.02214,-1.597303,,,,,0.593871
20260806_143623_657877,2026-08-06T14:42:56.192,124,100,line_walk,前后移动,后退,1.0,m,62,success,,3.08097,24,4.826827,-1.282533,1.41309,-0.288309,4.097663,-1.295134,1.450705,-4.240396,-0.729163,-0.012601,0.037614,1.0,0.729091,-0.270909,0.270909,0.01627,0.037614,-3.952087,,,,,0.729272
20260806_143623_657877,2026-08-06T14:42:59.375,125,100,line_walk,前后移动,前进,1.0,m,63,success,,3.180121,29,4.097684,-1.295123,1.450724,-4.245319,4.696159,-1.342127,1.441397,-4.918759,0.598475,-0.047004,-0.009327,1.0,0.600312,-0.399688,0.399688,-0.002572,-0.009327,-0.67344,,,,,0.600318
20260806_143623_657877,2026-08-06T14:43:02.531,126,100,line_walk,前后移动,后退,1.0,m,63,success,,3.152921,26,4.696113,-1.342071,1.441408,-4.916798,3.99382,-1.281409,1.480954,-10.448118,-0.702293,0.060662,0.039546,1.0,0.704908,-0.295092,0.295092,-0.000246,0.039546,-5.53132,,,,,0.704908
20260806_143623_657877,2026-08-06T14:43:05.711,127,100,line_walk,前后移动,前进,1.0,m,64,success,,3.175407,24,3.993953,-1.28146,1.481024,-10.452399,4.577879,-1.402192,1.45904,-11.626949,0.583926,-0.120731,-0.021983,1.0,0.596139,-0.403861,0.403861,-0.012793,-0.021983,-1.17455,,,,,0.596276
20260806_143623_657877,2026-08-06T14:43:08.984,128,100,line_walk,前后移动,后退,1.0,m,64,success,,3.269785,24,4.577923,-1.402222,1.459055,-11.624314,3.890322,-1.267077,1.49873,-14.989386,-0.687601,0.135145,0.039675,1.0,0.700729,-0.299271,0.299271,0.006174,0.039675,-3.365072,,,,,0.700756
20260806_143623_657877,2026-08-06T14:43:12.155,129,100,line_walk,前后移动,前进,1.0,m,65,success,,3.169105,23,3.890345,-1.267101,1.498759,-14.988708,4.469388,-1.434654,1.483733,-16.195142,0.579043,-0.167554,-0.015026,1.0,0.602676,-0.397324,0.397324,-0.012096,-0.015026,-1.206433,,,,,0.602798
20260806_143623_657877,2026-08-06T14:43:15.333,130,100,line_walk,前后移动,后退,1.0,m,65,success,,3.175259,25,4.469338,-1.434642,1.483734,-16.1918,3.774117,-1.240105,1.506884,-19.080454,-0.695222,0.194538,0.02315,1.0,0.721893,-0.278107,0.278107,0.007044,0.02315,-2.888654,,,,,0.721927
20260806_143623_657877,2026-08-06T14:43:18.563,131,100,line_walk,前后移动,前进,1.0,m,66,success,,3.226793,25,3.774145,-1.240187,1.506901,-19.075265,4.339494,-1.434621,1.510641,-22.389772,0.565349,-0.194434,0.003741,1.0,0.597848,-0.402152,0.402152,0.001004,0.003741,-3.314506,,,,,0.597849
20260806_143623_657877,2026-08-06T14:43:21.780,132,100,line_walk,前后移动,后退,1.0,m,66,success,,3.213149,23,4.339347,-1.434589,1.510637,-22.393284,3.708508,-1.181762,1.549752,-26.005698,-0.63084,0.252827,0.039114,1.0,0.679586,-0.320414,0.320414,0.006564,0.039114,-3.612414,,,,,0.679618
20260806_143623_657877,2026-08-06T14:43:25.062,133,100,line_walk,前后移动,前进,1.0,m,67,success,,3.281338,24,3.708669,-1.182037,1.549885,-26.00557,4.20848,-1.461209,1.537657,-30.006134,0.499811,-0.279172,-0.012228,1.0,0.571612,-0.428388,0.428388,-0.03176,-0.012228,-4.000565,,,,,0.572493
20260806_143623_657877,2026-08-06T14:43:28.444,134,100,line_walk,前后移动,后退,1.0,m,67,success,,3.378908,26,4.208382,-1.461169,1.537672,-30.008166,3.611871,-1.12497,1.577405,-33.361752,-0.596511,0.336198,0.039733,1.0,0.684692,-0.315308,0.315308,0.007197,0.039733,-3.353585,,,,,0.684729
20260806_143623_657877,2026-08-06T14:43:31.619,135,100,line_walk,前后移动,前进,1.0,m,68,success,,3.171411,24,3.611923,-1.125084,1.577478,-33.362517,4.065312,-1.432521,1.556378,-36.349102,0.453389,-0.307437,-0.0211,1.0,0.547745,-0.452255,0.452255,-0.007439,-0.0211,-2.986586,,,,,0.547795
20260806_143623_657877,2026-08-06T14:43:34.792,136,100,line_walk,前后移动,后退,1.0,m,68,success,,3.166125,22,4.06528,-1.432441,1.556361,-36.345933,3.506894,-1.039231,1.590961,-39.251451,-0.558387,0.39321,0.034599,1.0,0.682794,-0.317206,0.317206,0.014221,0.034599,-2.905518,,,,,0.682942
20260806_143623_657877,2026-08-06T14:43:38.070,137,100,line_walk,前后移动,前进,1.0,m,69,success,,3.276171,24,3.506975,-1.039336,1.591012,-39.250034,3.919771,-1.418862,1.582105,-42.794113,0.412796,-0.379526,-0.008907,1.0,0.559794,-0.440206,0.440206,-0.032724,-0.008907,-3.544079,,,,,0.56075
20260806_143623_657877,2026-08-06T14:43:41.239,138,100,line_walk,前后移动,后退,1.0,m,69,success,,3.165175,24,3.919665,-1.418761,1.582089,-42.803037,3.41402,-0.967377,1.620944,-46.079345,-0.505645,0.451384,0.038855,1.0,0.677695,-0.322305,0.322305,0.012398,0.038855,-3.276309,,,,,0.677809
20260806_143623_657877,2026-08-06T14:43:44.514,139,100,line_walk,前后移动,前进,1.0,m,70,success,,3.274321,25,3.414116,-0.967522,1.621032,-46.084413,3.793234,-1.354149,1.601251,-48.750462,0.379118,-0.386627,-0.019781,1.0,0.541467,-0.458533,0.458533,0.004939,-0.019781,-2.666048,,,,,0.541489
20260806_143623_657877,2026-08-06T14:43:47.692,140,100,line_walk,前后移动,后退,1.0,m,70,success,,3.172399,24,3.793227,-1.354089,1.601235,-48.748904,3.328302,-0.844166,1.634678,-52.166325,-0.464925,0.509923,0.033443,1.0,0.689927,-0.310073,0.310073,0.01332,0.033443,-3.41742,,,,,0.690056
20260806_143623_657877,2026-08-06T14:43:50.763,141,100,line_walk,前后移动,前进,1.0,m,71,success,,3.068357,27,3.328302,-0.844206,1.634766,-52.169709,3.664702,-1.305693,1.619108,-51.136646,0.3364,-0.461487,-0.015658,1.0,0.570819,-0.429181,0.429181,-0.017343,-0.015658,1.033063,,,,,0.571082
20260806_143623_657877,2026-08-06T14:43:53.866,142,100,line_walk,前后移动,后退,1.0,m,71,success,,3.101669,30,3.664644,-1.305675,1.619127,-51.109623,3.214518,-0.756706,1.648003,-54.674257,-0.450126,0.54897,0.028877,1.0,0.709893,-0.290107,0.290107,0.005694,0.028877,-3.564635,,,,,0.709916
20260806_143623_657877,2026-08-06T14:43:57.022,143,100,line_walk,前后移动,前进,1.0,m,72,success,,3.152771,25,3.214559,-0.75678,1.648035,-54.67478,3.564459,-1.238537,1.644907,-55.648737,0.3499,-0.481757,-0.003128,1.0,0.595375,-0.404625,0.404625,0.006917,-0.003128,-0.973958,,,,,0.595416
20260806_143623_657877,2026-08-06T14:44:00.289,144,100,line_walk,前后移动,后退,1.0,m,72,success,,3.260358,22,3.564311,-1.238384,1.644905,-55.64384,3.170484,-0.681715,1.681,-58.216687,-0.393827,0.556669,0.036094,1.0,0.681806,-0.318194,0.318194,0.010974,0.036094,-2.572847,,,,,0.681895
20260806_143623_657877,2026-08-06T14:44:03.570,145,100,line_walk,前后移动,前进,1.0,m,73,success,,3.277921,25,3.170609,-0.681771,1.681035,-58.214112,3.419947,-1.115678,1.67109,-62.563665,0.249338,-0.433907,-0.009945,1.0,0.500169,-0.499831,0.499831,-0.016616,-0.009945,-4.349553,,,,,0.500445
20260806_143623_657877,2026-08-06T14:44:06.838,146,100,line_walk,前后移动,后退,1.0,m,73,success,,3.266106,29,3.419868,-1.115606,1.671098,-62.574874,3.095046,-0.518233,1.71058,-66.289042,-0.324823,0.597374,0.039482,1.0,0.679847,-0.320153,0.320153,0.013173,0.039482,-3.714168,,,,,0.679974
20260806_143623_657877,2026-08-06T14:44:10.121,147,100,line_walk,前后移动,前进,1.0,m,74,success,,3.281518,23,3.095099,-0.518363,1.71062,-66.283912,3.311403,-1.043477,1.688543,-68.38134,0.216304,-0.525114,-0.022078,1.0,0.567766,-0.432234,0.432234,-0.013166,-0.022078,-2.097428,,,,,0.567919
20260806_143623_657877,2026-08-06T14:44:13.392,148,100,line_walk,前后移动,后退,1.0,m,74,success,,3.268686,21,3.311399,-1.043434,1.688538,-68.379783,3.046824,-0.416362,1.723238,-70.801427,-0.264575,0.627071,0.0347,1.0,0.680438,-0.319562,0.319562,0.014916,0.0347,-2.421644,,,,,0.680602
20260806_143623_657877,2026-08-06T14:44:16.485,149,100,line_walk,前后移动,前进,1.0,m,75,success,,3.090299,22,3.046785,-0.416449,1.723281,-70.814227,3.218773,-0.959473,1.700389,-71.653199,0.171988,-0.543025,-0.022892,1.0,0.569385,-0.430615,0.430615,-0.01602,-0.022892,-0.838973,,,,,0.56961
20260806_143623_657877,2026-08-06T14:44:19.652,150,100,line_walk,前后移动,后退,1.0,m,75,success,,3.164694,25,3.218757,-0.95943,1.700387,-71.645782,2.998248,-0.30732,1.745696,-74.466308,-0.220509,0.65211,0.045309,1.0,0.688372,-0.311628,0.311628,0.003948,0.045309,-2.820527,,,,,0.688383
20260806_143623_657877,2026-08-06T14:44:22.923,151,100,line_walk,前后移动,前进,1.0,m,76,success,,3.267724,23,2.998258,-0.307733,1.745913,-74.476936,3.142755,-0.843013,1.725564,-76.962394,0.144497,-0.53528,-0.020349,1.0,0.554425,-0.445575,0.445575,-0.004029,-0.020349,-2.485458,,,,,0.55444
20260806_143623_657877,2026-08-06T14:44:26.125,152,100,line_walk,前后移动,后退,1.0,m,76,success,,3.198868,22,3.142714,-0.84295,1.725569,-76.962333,2.973853,-0.179135,1.763309,-79.771582,-0.168861,0.663815,0.03774,1.0,0.684796,-0.315204,0.315204,0.014757,0.03774,-2.80925,,,,,0.684955
20260806_143623_657877,2026-08-06T14:44:29.461,153,100,line_walk,前后移动,前进,1.0,m,77,success,,3.333205,24,2.973836,-0.179262,1.763361,-79.770729,3.058888,-0.720282,1.746381,-81.933447,0.085051,-0.54102,-0.01698,1.0,0.547524,-0.452476,0.452476,-0.012379,-0.01698,-2.162718,,,,,0.547664
20260806_143623_657877,2026-08-06T14:44:32.654,154,100,line_walk,前后移动,后退,1.0,m,77,success,,3.19034,24,3.058767,-0.719965,1.746425,-81.92107,2.949827,-0.044069,1.781638,-84.921695,-0.10894,0.675895,0.035213,1.0,0.684497,-0.315503,0.315503,0.01287,0.035213,-3.000625,,,,,0.684618
20260806_143623_657877,2026-08-06T14:44:35.821,155,100,line_walk,前后移动,前进,1.0,m,78,success,,3.164812,24,2.94977,-0.044229,1.781747,-84.925083,2.984142,-0.628992,1.759122,-86.600078,0.034372,-0.584762,-0.022625,1.0,0.585511,-0.414489,0.414489,-0.01749,-0.022625,-1.674995,,,,,0.585772
20260806_143623_657877,2026-08-06T14:44:38.992,156,100,line_walk,前后移动,后退,1.0,m,78,success,,3.165414,21,2.984115,-0.629036,1.759127,-86.596594,2.933693,0.071987,1.798887,-89.94002,-0.050422,0.701023,0.03976,1.0,0.70278,-0.29722,0.29722,0.008716,0.03976,-3.343425,,,,,0.702834
20260806_143623_657877,2026-08-06T14:44:42.168,157,100,line_walk,前后移动,前进,1.0,m,79,success,,3.173005,25,2.9337,0.071898,1.798953,-89.944453,2.926503,-0.532555,1.778951,-91.691465,-0.007197,-0.604453,-0.020001,1.0,0.604446,-0.395554,0.395554,-0.007783,-0.020001,-1.747012,,,,,0.604496
20260806_143623_657877,2026-08-06T14:44:45.352,158,100,line_walk,前后移动,后退,1.0,m,79,success,,3.18089,25,2.926573,-0.532575,1.778962,-91.691622,2.932982,0.176743,1.813101,-94.73359,0.006409,0.709318,0.034139,1.0,0.709198,-0.290802,0.290802,0.014533,0.034139,-3.041968,,,,,0.709347
20260806_143623_657877,2026-08-06T14:44:48.515,159,100,line_walk,前后移动,前进,1.0,m,80,success,,3.160892,26,2.932997,0.176799,1.813085,-94.735045,2.88135,-0.429087,1.801677,-95.731556,-0.051647,-0.605886,-0.011408,1.0,0.608081,-0.391919,0.391919,-0.001456,-0.011408,-0.996511,,,,,0.608083
20260806_143623_657877,2026-08-06T14:44:51.800,160,100,line_walk,前后移动,后退,1.0,m,80,success,,3.27887,24,2.881336,-0.42911,1.801698,-95.727205,2.939794,0.251626,1.84394,-98.914499,0.058458,0.680736,0.042241,1.0,0.683172,-0.316828,0.316828,0.009766,0.042241,-3.187294,,,,,0.683242
20260806_143623_657877,2026-08-06T14:44:54.970,161,100,line_walk,前后移动,前进,1.0,m,81,success,,3.166903,23,2.939776,0.251481,1.844028,-98.912505,2.835713,-0.332478,1.817866,-99.75033,-0.104063,-0.58396,-0.026162,1.0,0.593031,-0.406969,0.406969,-0.012336,-0.026162,-0.837825,,,,,0.593159
20260806_143623_657877,2026-08-06T14:44:58.245,162,100,line_walk,前后移动,后退,1.0,m,81,success,,3.272173,26,2.835668,-0.332446,1.817872,-99.741423,2.941906,0.345347,1.863738,-102.455515,0.106238,0.677793,0.045865,1.0,0.685996,-0.314004,0.314004,0.009978,0.045865,-2.714092,,,,,0.686068
20260806_143623_657877,2026-08-06T14:45:01.441,163,100,line_walk,前后移动,前进,1.0,m,82,success,,3.193914,24,2.94186,0.345176,1.863803,-102.456273,2.797976,-0.20394,1.844108,-108.037214,-0.143884,-0.549116,-0.019694,1.0,0.567225,-0.432775,0.432775,-0.022055,-0.019694,-5.580941,,,,,0.567654
20260806_143623_657877,2026-08-06T14:45:04.700,164,100,line_walk,前后移动,后退,1.0,m,82,success,,3.256377,25,2.797992,-0.203839,1.84411,-108.052124,2.999338,0.442677,1.876992,-110.870834,0.201345,0.646516,0.032882,1.0,0.677085,-0.322915,0.322915,0.00891,0.032882,-2.81871,,,,,0.677143
20260806_143623_657877,2026-08-06T14:45:07.777,165,100,line_walk,前后移动,前进,1.0,m,83,success,,3.072193,28,2.999292,0.442582,1.877034,-110.875076,2.777958,-0.0637,1.867981,-110.281068,-0.221334,-0.506282,-0.009053,1.0,0.551918,-0.448082,0.448082,-0.026401,-0.009053,0.594008,,,,,0.552549
20260806_143623_657877,2026-08-06T14:45:10.944,166,100,line_walk,前后移动,后退,1.0,m,83,success,,3.164184,25,2.778029,-0.063559,1.867994,-110.272038,3.007716,0.601728,1.89024,-112.777727,0.229686,0.665288,0.022246,1.0,0.70366,-0.29634,0.29634,0.015048,0.022246,-2.505689,,,,,0.703821
20260806_143623_657877,2026-08-06T14:45:14.145,167,100,line_walk,前后移动,前进,1.0,m,84,success,,3.197638,21,3.007768,0.601707,1.890288,-112.76294,2.770954,0.04002,1.888153,-113.523652,-0.236814,-0.561686,-0.002135,1.0,0.609567,-0.390433,0.390433,-0.001042,-0.002135,-0.760712,,,,,0.609568
20260806_143623_657877,2026-08-06T14:45:17.267,168,100,line_walk,前后移动,后退,1.0,m,84,success,,3.115411,29,2.770983,0.040186,1.88818,-113.523659,3.036659,0.671328,1.930782,-116.946048,0.265676,0.631142,0.042602,1.0,0.68473,-0.31527,0.31527,0.008309,0.042602,-3.422389,,,,,0.68478
20260806_143623_657877,2026-08-06T14:45:20.435,169,100,line_walk,前后移动,前进,1.0,m,85,success,,3.165064,28,3.036629,0.67118,1.930925,-116.945324,2.763955,0.174408,1.909148,-119.45449,-0.272675,-0.496772,-0.021776,1.0,0.566402,-0.433598,0.433598,-0.017966,-0.021776,-2.509166,,,,,0.566687
20260806_143623_657877,2026-08-06T14:45:23.637,170,100,line_walk,前后移动,后退,1.0,m,85,success,,3.19464,26,2.764018,0.174457,1.909168,-119.453971,3.096549,0.775046,1.950943,-122.467355,0.33253,0.600589,0.041776,1.0,0.686476,-0.313524,0.313524,0.005773,0.041776,-3.013384,,,,,0.686501
20260806_143623_657877,2026-08-06T14:45:26.818,171,100,line_walk,前后移动,前进,1.0,m,86,success,,3.177837,25,3.096579,0.775025,1.950979,-122.472791,2.780221,0.305793,1.930541,-124.157772,-0.316358,-0.469233,-0.020438,1.0,0.565719,-0.434281,0.434281,-0.014964,-0.020438,-1.68498,,,,,0.565917
20260806_143623_657877,2026-08-06T14:45:30.091,172,100,line_walk,前后移动,后退,1.0,m,86,success,,3.268621,24,2.780236,0.305813,1.930526,-124.15437,3.164999,0.892843,1.972121,-128.193485,0.384764,0.587029,0.041595,1.0,0.701799,-0.298201,0.298201,0.01117,0.041595,-4.039114,,,,,0.701888
20260806_143623_657877,2026-08-06T14:45:33.275,173,100,line_walk,前后移动,前进,1.0,m,87,success,,3.181584,24,3.164894,0.892782,1.972172,-128.198771,2.78749,0.453693,1.948284,-130.154473,-0.377404,-0.439089,-0.023888,1.0,0.57845,-0.42155,0.42155,-0.025062,-0.023888,-1.955702,,,,,0.578993
20260806_143623_657877,2026-08-06T14:45:36.455,174,100,line_walk,前后移动,后退,1.0,m,87,success,,3.176674,25,2.787535,0.453737,1.948285,-130.153189,3.228485,1.011855,1.988344,-131.873563,0.440949,0.558118,0.040059,1.0,0.710922,-0.289078,0.289078,0.022866,0.040059,-1.720374,,,,,0.711289
20260806_143623_657877,2026-08-06T14:45:39.721,175,100,line_walk,前后移动,前进,1.0,m,88,success,,3.264325,23,3.228449,1.011802,1.988379,-131.875722,2.820258,0.558781,1.966887,-132.669977,-0.408191,-0.453021,-0.021492,1.0,0.609791,-0.390209,0.390209,-0.001537,-0.021492,-0.794255,,,,,0.609793
20260806_143623_657877,2026-08-06T14:45:42.999,176,100,line_walk,前后移动,后退,1.0,m,88,success,,3.274419,24,2.820254,0.558827,1.966882,-132.652779,3.285572,1.091192,2.010092,-135.341551,0.465318,0.532365,0.043209,1.0,0.706818,-0.293182,0.293182,0.018477,0.043209,-2.688772,,,,,0.70706
20260806_143623_657877,2026-08-06T14:45:46.187,177,100,line_walk,前后移动,前进,1.0,m,89,success,,3.184413,22,3.285539,1.091163,2.010147,-135.341551,2.852931,0.673656,1.991391,-136.366175,-0.432608,-0.417507,-0.018755,1.0,0.601175,-0.398825,0.398825,-0.007094,-0.018755,-1.024624,,,,,0.601217
20260806_143623_657877,2026-08-06T14:45:49.341,178,100,line_walk,前后移动,后退,1.0,m,89,success,,3.151773,25,2.852904,0.673673,1.991411,-136.364317,3.352686,1.167669,2.038866,-139.02932,0.499782,0.493996,0.047455,1.0,0.702606,-0.297394,0.297394,0.012641,0.047455,-2.665003,,,,,0.702719
20260806_143623_657877,2026-08-06T14:45:52.620,179,100,line_walk,前后移动,前进,1.0,m,90,success,,3.275481,26,3.352595,1.167598,2.038921,-139.031369,2.888531,0.781395,2.01533,-140.316305,-0.464064,-0.386203,-0.023591,1.0,0.603612,-0.396388,0.396388,-0.012652,-0.023591,-1.284936,,,,,0.603745
20260806_143623_657877,2026-08-06T14:45:55.797,180,100,line_walk,前后移动,后退,1.0,m,90,success,,3.174454,23,2.88856,0.78141,2.015332,-140.315923,3.424311,1.258951,2.047325,-142.165183,0.535751,0.477542,0.031994,1.0,0.717238,-0.282762,0.282762,0.025399,0.031994,-1.84926,,,,,0.717688
20260806_143623_657877,2026-08-06T14:45:58.978,181,100,line_walk,前后移动,前进,1.0,m,91,success,,3.179261,22,3.424273,1.259009,2.047342,-142.149214,2.947374,0.891228,2.040725,-143.413851,-0.476899,-0.367781,-0.006618,1.0,0.602238,-0.397762,0.397762,-0.002225,-0.006618,-1.264637,,,,,0.602242
20260806_143623_657877,2026-08-06T14:46:02.152,182,100,line_walk,前后移动,后退,1.0,m,91,success,,3.172225,24,2.947381,0.891268,2.040715,-143.413974,3.494021,1.31386,2.083563,-146.633575,0.54664,0.422591,0.042848,1.0,0.690808,-0.309192,0.309192,0.013512,0.042848,-3.219601,,,,,0.69094
20260806_143623_657877,2026-08-06T14:46:05.425,183,100,line_walk,前后移动,前进,1.0,m,92,success,,3.269875,25,3.494008,1.313777,2.083572,-146.63061,3.0219,1.024097,2.064891,-149.242434,-0.472109,-0.28968,-0.018681,1.0,0.553612,-0.446388,0.446388,-0.017752,-0.018681,-2.611823,,,,,0.553896
20260806_143623_657877,2026-08-06T14:46:08.700,184,100,line_walk,前后移动,后退,1.0,m,92,success,,3.271272,23,3.021953,1.024153,2.064877,-149.23865,3.605526,1.39344,2.105055,-152.244848,0.583574,0.369287,0.040178,1.0,0.690344,-0.309656,0.309656,0.018854,0.040178,-3.006198,,,,,0.690602
20260806_143623_657877,2026-08-06T14:46:11.887,185,100,line_walk,前后移动,前进,1.0,m,93,success,,3.185071,25,3.605467,1.39335,2.105079,-152.253495,3.135765,1.16016,2.085669,-155.332613,-0.469702,-0.23319,-0.01941,1.0,0.524257,-0.475743,0.475743,-0.012298,-0.01941,-3.079118,,,,,0.524402
20260806_143623_657877,2026-08-06T14:46:14.978,186,100,line_walk,前后移动,后退,1.0,m,93,success,,3.085659,28,3.135896,1.16021,2.085655,-155.332845,3.745181,1.457698,2.119691,-157.683537,0.609285,0.297488,0.034036,1.0,0.677841,-0.322159,0.322159,0.016059,0.034036,-2.350692,,,,,0.678032
20260806_143623_657877,2026-08-06T14:46:18.131,187,100,line_walk,前后移动,前进,1.0,m,94,success,,3.14976,28,3.744989,1.457625,2.119799,-157.690449,3.190035,1.261943,2.105541,-161.224539,-0.554954,-0.195682,-0.014258,1.0,0.587697,-0.412303,0.412303,-0.029632,-0.014258,-3.53409,,,,,0.588443
20260806_143623_657877,2026-08-06T14:46:21.312,188,100,line_walk,前后移动,后退,1.0,m,94,success,,3.178616,21,3.190053,1.261962,2.105548,-161.228118,3.834618,1.494501,2.150505,-164.757632,0.644565,0.232539,0.044956,1.0,0.68511,-0.31489,0.31489,0.012747,0.044956,-3.529514,,,,,0.685229
20260806_143623_657877,2026-08-06T14:46:24.629,189,100,line_walk,前后移动,前进,1.0,m,95,success,,3.313945,23,3.834501,1.49453,2.150553,-164.757564,3.276694,1.351475,2.119977,-164.485722,-0.557807,-0.143054,-0.030576,1.0,0.575794,-0.424206,0.424206,-0.008628,-0.030576,0.271842,,,,,0.575859
20260806_143623_657877,2026-08-06T14:46:27.854,190,100,line_walk,前后移动,后退,1.0,m,95,success,,3.222555,26,3.276664,1.351455,2.119975,-164.480053,3.964041,1.540003,2.160446,-167.490131,0.687378,0.188548,0.040471,1.0,0.712765,-0.287235,0.287235,-0.002251,0.040471,-3.010078,,,,,0.712768
20260806_143623_657877,2026-08-06T14:46:31.038,191,100,line_walk,前后移动,前进,1.0,m,96,success,,3.180806,25,3.964,1.540015,2.160468,-167.514091,3.38854,1.434217,2.147221,-171.447584,-0.575461,-0.105798,-0.013247,1.0,0.584724,-0.415276,0.415276,-0.021119,-0.013247,-3.933492,,,,,0.585105
20260806_143623_657877,2026-08-06T14:46:34.304,192,100,line_walk,前后移动,后退,1.0,m,96,success,,3.263697,23,3.388569,1.434231,2.147221,-171.4516,4.044731,1.55867,2.189462,-174.006336,0.656162,0.124439,0.042242,1.0,0.667369,-0.332631,0.332631,0.025521,0.042242,-2.554737,,,,,0.667857
20260806_143623_657877,2026-08-06T14:46:37.482,193,100,line_walk,前后移动,前进,1.0,m,97,success,,3.174189,24,4.044653,1.558694,2.189492,-174.00452,3.520017,1.510539,2.16497,-178.391933,-0.524636,-0.048155,-0.024522,1.0,0.526796,-0.473204,0.473204,-0.006906,-0.024522,-4.387413,,,,,0.526841
20260806_143623_657877,2026-08-06T14:46:40.656,194,100,line_walk,前后移动,后退,1.0,m,97,success,,3.171631,25,3.520212,1.510542,2.164959,-178.391127,4.198768,1.552426,2.19628,179.260091,0.678555,0.041885,0.031321,1.0,0.679464,-0.320536,0.320536,0.022817,0.031321,-2.348783,,,,,0.679847
20260806_143623_657877,2026-08-06T14:46:43.836,195,100,line_walk,前后移动,前进,1.0,m,98,success,,3.175853,24,4.198747,1.552403,2.196285,179.257085,3.658095,1.586864,2.191264,175.641224,-0.540652,0.034461,-0.005021,1.0,0.541054,-0.458946,0.458946,-0.027448,-0.005021,-3.615861,,,,,0.541749
20260806_143623_657877,2026-08-06T14:46:46.995,196,100,line_walk,前后移动,后退,1.0,m,98,success,,3.15722,23,3.658166,1.586849,2.191263,175.638028,4.339327,1.554318,2.226533,172.580411,0.681161,-0.032531,0.03527,1.0,0.681662,-0.318338,0.318338,0.01937,0.03527,-3.057616,,,,,0.681938
20260806_143623_657877,2026-08-06T14:46:50.176,197,100,line_walk,前后移动,前进,1.0,m,99,success,,3.177647,23,4.339231,1.554334,2.226587,172.579332,3.749362,1.633283,2.204194,171.584898,-0.589869,0.078949,-0.022393,1.0,0.595125,-0.404875,0.404875,-0.002104,-0.022393,-0.994435,,,,,0.595129
20260806_143623_657877,2026-08-06T14:46:53.345,198,100,line_walk,前后移动,后退,1.0,m,99,success,,3.162455,26,3.749362,1.633274,2.204195,171.588996,4.446286,1.545008,2.23626,168.353535,0.696924,-0.088265,0.032065,1.0,0.702339,-0.297661,0.297661,0.014625,0.032065,-3.235461,,,,,0.702491
20260806_143623_657877,2026-08-06T14:46:56.519,199,100,line_walk,前后移动,前进,1.0,m,100,success,,3.17124,30,4.44634,1.545003,2.236252,168.353754,3.872499,1.664826,2.230883,165.900446,-0.573841,0.119822,-0.005369,1.0,0.586215,-0.413785,0.413785,-0.001515,-0.005369,-2.453308,,,,,0.586217
20260806_143623_657877,2026-08-06T14:46:59.701,200,100,line_walk,前后移动,后退,1.0,m,100,success,,3.178749,23,3.872599,1.664835,2.230887,165.89408,4.559795,1.509606,2.263593,162.322915,0.687196,-0.155229,0.032706,1.0,0.704307,-0.295693,0.295693,0.016932,0.032706,-3.571164,,,,,0.70451
20260806_143623_657877,2026-08-06T14:47:03.797,201,100,line_walk,前后移动,前进,2.0,m,1,success,,4.09382,30,4.559763,1.509616,2.263626,162.320361,3.751685,1.797506,2.23308,161.014852,-0.808078,0.287889,-0.030546,2.0,0.857342,-1.142658,1.142658,-0.028883,-0.030546,-1.305509,,,,,0.857828
20260806_143623_657877,2026-08-06T14:47:07.892,202,100,line_walk,前后移动,后退,2.0,m,1,success,,4.092192,31,3.751716,1.797475,2.233078,161.022065,4.741665,1.442087,2.297027,155.841763,0.98995,-0.355388,0.063949,2.0,1.051713,-0.948287,0.948287,-0.014135,0.063949,-5.180302,,,,,1.051808
20260806_143623_657877,2026-08-06T14:47:12.016,203,100,line_walk,前后移动,前进,2.0,m,2,success,,4.116804,32,4.741519,1.442237,2.297104,155.83873,3.98783,1.828574,2.27536,151.365475,-0.753689,0.386337,-0.021744,2.0,0.845794,-1.154206,1.154206,-0.044003,-0.021744,-4.473255,,,,,0.846938
20260806_143623_657877,2026-08-06T14:47:16.178,204,100,line_walk,前后移动,后退,2.0,m,2,success,,4.159862,36,3.987916,1.828555,2.275359,151.362033,4.895773,1.332542,2.329384,146.619245,0.907858,-0.496013,0.054024,2.0,1.034522,-0.965478,0.965478,-0.000222,0.054024,-4.742788,,,,,1.034522
20260806_143623_657877,2026-08-06T14:47:20.297,205,100,line_walk,前后移动,前进,2.0,m,3,success,,4.116145,30,4.895678,1.332618,2.329464,146.60818,4.223896,1.830966,2.303344,147.080201,-0.671782,0.498348,-0.02612,2.0,0.83516,-1.16484,1.16484,-0.046361,-0.02612,0.472021,,,,,0.836445
20260806_143623_657877,2026-08-06T14:47:24.485,206,100,line_walk,前后移动,后退,2.0,m,3,success,,4.185149,31,4.223967,1.830932,2.303336,147.120567,5.108014,1.262049,2.367365,143.06506,0.884047,-0.568883,0.064028,2.0,1.051267,-0.948733,0.948733,0.002169,0.064028,-4.055507,,,,,1.051269
20260806_143623_657877,2026-08-06T14:47:28.584,207,100,line_walk,前后移动,前进,2.0,m,4,success,,4.097413,30,5.107976,1.262162,2.367388,143.059104,4.455686,1.779516,2.339836,139.258118,-0.652291,0.517354,-0.027553,2.0,0.832272,-1.167728,1.167728,-0.021478,-0.027553,-3.800987,,,,,0.83255
20260806_143623_657877,2026-08-06T14:47:32.682,208,100,line_walk,前后移动,后退,2.0,m,4,success,,4.093745,30,4.45578,1.779355,2.339852,139.262639,5.274578,1.097776,2.380815,136.227044,0.818798,-0.681579,0.040963,2.0,1.065204,-0.934796,0.934796,0.017903,0.040963,-3.035596,,,,,1.065355
20260806_143623_657877,2026-08-06T14:47:36.978,209,100,line_walk,前后移动,前进,2.0,m,5,success,,4.293056,32,5.274539,1.097823,2.38082,136.227659,4.646272,1.719261,2.368943,134.09776,-0.628267,0.621438,-0.011876,2.0,0.883575,-1.116425,1.116425,-0.014105,-0.011876,-2.129899,,,,,0.883688
20260806_143623_657877,2026-08-06T14:47:41.176,210,100,line_walk,前后移动,后退,2.0,m,5,success,,4.195363,29,4.646172,1.719173,2.368953,134.103156,5.365623,0.972927,2.425129,129.171568,0.719451,-0.746245,0.056176,2.0,1.036573,-0.963427,0.963427,-0.002722,0.056176,-4.931588,,,,,1.036577
20260806_143623_657877,2026-08-06T14:47:45.369,211,100,line_walk,前后移动,前进,2.0,m,6,success,,4.189725,30,5.365531,0.97309,2.425204,129.172906,4.829087,1.665502,2.395183,126.491921,-0.536444,0.692412,-0.03002,2.0,0.87564,-1.12436,1.12436,-0.021497,-0.03002,-2.680986,,,,,0.875903
20260806_143623_657877,2026-08-06T14:47:49.571,212,100,line_walk,前后移动,后退,2.0,m,6,success,,4.199485,32,4.829111,1.665507,2.3952,126.497398,5.473162,0.819513,2.445056,123.062455,0.644051,-0.845994,0.049856,2.0,1.063153,-0.936847,0.936847,0.014557,0.049856,-3.434943,,,,,1.063253
20260806_143623_657877,2026-08-06T14:47:53.759,213,100,line_walk,前后移动,前进,2.0,m,7,success,,4.185824,31,5.47316,0.819465,2.445056,123.063275,5.004119,1.563481,2.425904,120.455563,-0.469041,0.744016,-0.019152,2.0,0.879428,-1.120572,1.120572,-0.01282,-0.019152,-2.607712,,,,,0.879522
20260806_143623_657877,2026-08-06T14:47:58.069,214,100,line_walk,前后移动,后退,2.0,m,7,success,,4.307244,33,5.004231,1.563381,2.425907,120.45126,5.528431,0.683334,2.478962,115.90551,0.524199,-0.880046,0.053056,2.0,1.02432,-0.97568,0.97568,0.00588,0.053056,-4.54575,,,,,1.024337
20260806_143623_657877,2026-08-06T14:48:02.280,215,100,line_walk,前后移动,前进,2.0,m,8,success,,4.20568,30,5.528399,0.683528,2.479075,115.903638,5.19719,1.462939,2.447592,112.435712,-0.331209,0.77941,-0.031484,2.0,0.845795,-1.154205,1.154205,-0.04256,-0.031484,-3.467926,,,,,0.846865
20260806_143623_657877,2026-08-06T14:48:06.462,216,100,line_walk,前后移动,后退,2.0,m,8,success,,4.175999,36,5.197261,1.462774,2.447668,112.440534,5.611267,0.465622,2.491992,107.43098,0.414006,-0.997153,0.044325,2.0,1.07968,-0.92032,0.92032,0.002018,0.044325,-5.009554,,,,,1.079682
20260806_143623_657877,2026-08-06T14:48:10.579,217,100,line_walk,前后移动,前进,2.0,m,9,success,,4.11397,30,5.61126,0.465627,2.492002,107.434238,5.368231,1.312843,2.477023,105.122437,-0.24303,0.847216,-0.014978,2.0,0.881111,-1.118889,1.118889,-0.02197,-0.014978,-2.3118,,,,,0.881385
20260806_143623_657877,2026-08-06T14:48:14.677,218,100,line_walk,前后移动,后退,2.0,m,9,success,,4.09586,33,5.368255,1.312764,2.477006,105.124869,5.643651,0.334464,2.537108,100.281691,0.275396,-0.9783,0.060102,2.0,1.016268,-0.983732,0.983732,0.010595,0.060102,-4.843178,,,,,1.016324
20260806_143623_657877,2026-08-06T14:48:18.867,219,100,line_walk,前后移动,前进,2.0,m,10,success,,4.188057,31,5.643705,0.334539,2.537184,100.282156,5.528312,1.19604,2.499246,97.461376,-0.115394,0.861501,-0.037938,2.0,0.868263,-1.131737,1.131737,-0.040234,-0.037938,-2.820779,,,,,0.869195
20260806_143623_657877,2026-08-06T14:48:23.060,220,100,line_walk,前后移动,后退,2.0,m,10,success,,4.190309,32,5.52839,1.196129,2.499277,97.462674,5.674666,0.14254,2.548137,93.748916,0.146276,-1.053589,0.048861,2.0,1.063663,-0.936337,0.936337,0.008197,0.048861,-3.713758,,,,,1.063695
20260806_143623_657877,2026-08-06T14:48:27.247,221,100,line_walk,前后移动,前进,2.0,m,11,success,,4.183814,32,5.674674,0.142672,2.548202,93.746703,5.637312,1.026029,2.532001,91.40642,-0.037362,0.883357,-0.016201,2.0,0.88391,-1.11609,1.11609,-0.020442,-0.016201,-2.340282,,,,,0.884147
20260806_143623_657877,2026-08-06T14:48:31.454,222,100,line_walk,前后移动,后退,2.0,m,11,success,,4.203952,32,5.637322,1.025903,2.532002,91.407069,5.666201,-0.025746,2.60039,86.309802,0.028879,-1.051649,0.068388,2.0,1.052041,-0.947959,0.947959,0.003047,0.068388,-5.097268,,,,,1.052045
20260806_143623_657877,2026-08-06T14:48:35.651,223,100,line_walk,前后移动,前进,2.0,m,12,success,,4.194397,32,5.666187,-0.025647,2.600436,86.309952,5.743548,0.847432,2.557145,84.827548,0.077362,0.873079,-0.043291,2.0,0.876247,-1.123753,1.123753,-0.021011,-0.043291,-1.482404,,,,,0.876499
20260806_143623_657877,2026-08-06T14:48:39.854,224,100,line_walk,前后移动,后退,2.0,m,12,success,,4.202109,33,5.743533,0.84736,2.557167,84.8336,5.644728,-0.194263,2.62855,80.176688,-0.098804,-1.041624,0.071383,2.0,1.046289,-0.953711,0.953711,-0.004606,0.071383,-4.656912,,,,,1.046299
20260806_143623_657877,2026-08-06T14:48:44.148,225,100,line_walk,前后移动,前进,2.0,m,13,success,,4.292289,33,5.644693,-0.194121,2.628602,80.177221,5.813633,0.601549,2.59174,75.024444,0.16894,0.79567,-0.036861,2.0,0.812827,-1.187173,1.187173,-0.030721,-0.036861,-5.152777,,,,,0.813407
20260806_143623_657877,2026-08-06T14:48:48.289,226,100,line_walk,前后移动,后退,2.0,m,13,success,,4.137964,32,5.813601,0.601471,2.591735,75.023624,5.568995,-0.401318,2.654935,72.076486,-0.244605,-1.002789,0.063199,2.0,1.031937,-0.968063,0.968063,0.022845,0.063199,-2.947138,,,,,1.03219
20260806_143623_657877,2026-08-06T14:48:52.390,227,100,line_walk,前后移动,前进,2.0,m,14,success,,4.098105,30,5.569013,-0.401289,2.654967,72.074267,5.857415,0.4025,2.620232,73.19952,0.288402,0.803789,-0.034735,2.0,0.853535,-1.146465,1.146465,-0.027008,-0.034735,1.125253,,,,,0.853963
20260806_143623_657877,2026-08-06T14:48:56.537,228,100,line_walk,前后移动,后退,2.0,m,14,success,,4.144389,30,5.857419,0.402428,2.620246,73.221137,5.552396,-0.579433,2.694828,68.924129,-0.305023,-0.981862,0.074582,2.0,1.028114,-0.971886,0.971886,-0.008595,0.074582,-4.297009,,,,,1.02815
20260806_143623_657877,2026-08-06T14:49:00.741,229,100,line_walk,前后移动,前进,2.0,m,15,success,,4.197009,31,5.552534,-0.579293,2.694927,68.925426,5.880048,0.205539,2.649655,66.298604,0.327514,0.784832,-0.045272,2.0,0.850106,-1.149894,1.149894,-0.023396,-0.045272,-2.626822,,,,,0.850427
20260806_143623_657877,2026-08-06T14:49:04.940,230,100,line_walk,前后移动,后退,2.0,m,15,success,,4.197232,29,5.880009,0.205463,2.649648,66.301773,5.485851,-0.751664,2.722763,63.783742,-0.394158,-0.957127,0.073114,2.0,1.034837,-0.965163,0.965163,0.023767,0.073114,-2.518031,,,,,1.03511
20260806_143623_657877,2026-08-06T14:49:09.236,231,100,line_walk,前后移动,前进,2.0,m,16,success,,4.294141,32,5.485881,-0.75155,2.722806,63.78922,5.879494,-0.005627,2.6862,60.916832,0.393613,0.745923,-0.036606,2.0,0.843072,-1.156928,1.156928,-0.023685,-0.036606,-2.872388,,,,,0.843405
20260806_143623_657877,2026-08-06T14:49:13.387,232,100,line_walk,前后移动,后退,2.0,m,16,success,,4.146773,31,5.879515,-0.005667,2.686198,60.915903,5.390858,-0.939516,2.755362,58.686515,-0.488657,-0.933849,0.069164,2.0,1.05363,-0.94637,0.94637,0.026897,0.069164,-2.229387,,,,,1.053973
20260806_143623_657877,2026-08-06T14:49:17.533,233,100,line_walk,前后移动,前进,2.0,m,17,success,,4.141718,30,5.390924,-0.939439,2.755403,58.68767,5.851991,-0.228971,2.71998,55.41689,0.461067,0.710468,-0.035423,2.0,0.846604,-1.153396,1.153396,-0.024679,-0.035423,-3.27078,,,,,0.846964
20260806_143623_657877,2026-08-06T14:49:21.740,234,100,line_walk,前后移动,后退,2.0,m,17,success,,4.204269,31,5.851927,-0.229046,2.719985,55.42091,5.294111,-1.073953,2.781859,51.5825,-0.557816,-0.844907,0.061874,2.0,1.012233,-0.987767,0.987767,0.020247,0.061874,-3.838409,,,,,1.012436
20260806_143623_657877,2026-08-06T14:49:25.936,235,100,line_walk,前后移动,前进,2.0,m,18,success,,4.194863,32,5.29413,-1.073918,2.781897,51.584116,5.861448,-0.410142,2.740591,49.39352,0.567318,0.663776,-0.041306,2.0,0.872594,-1.127406,1.127406,-0.032059,-0.041306,-2.190595,,,,,0.873183
20260806_143623_657877,2026-08-06T14:49:30.156,236,100,line_walk,前后移动,后退,2.0,m,18,success,,4.216572,35,5.861399,-0.410188,2.740596,49.392998,5.187105,-1.220216,2.796547,44.935886,-0.674294,-0.810028,0.055951,2.0,1.053843,-0.946157,0.946157,0.015302,0.055951,-4.457112,,,,,1.053954
20260806_143623_657877,2026-08-06T14:49:34.305,237,100,line_walk,前后移动,前进,2.0,m,19,success,,4.145801,38,5.187072,-1.220276,2.796526,44.938588,5.822487,-0.607956,2.773525,43.640015,0.635415,0.61232,-0.023001,2.0,0.882299,-1.117701,1.117701,-0.015385,-0.023001,-1.298573,,,,,0.882433
20260806_143623_657877,2026-08-06T14:49:38.520,238,100,line_walk,前后移动,后退,2.0,m,19,success,,4.212076,38,5.822474,-0.608059,2.773513,43.644574,5.07016,-1.339526,2.824593,39.160616,-0.752313,-0.731467,0.05108,2.0,1.049246,-0.950754,0.950754,0.010082,0.05108,-4.483958,,,,,1.049295
20260806_143623_657877,2026-08-06T14:49:42.834,239,100,line_walk,前后移动,前进,2.0,m,20,success,,4.311362,32,5.070211,-1.339805,2.824565,39.160367,5.761527,-0.805893,2.805712,34.234739,0.691316,0.533912,-0.018852,2.0,0.873195,-1.126805,1.126805,-0.022575,-0.018852,-4.925628,,,,,0.873487
20260806_143623_657877,2026-08-06T14:49:46.975,240,100,line_walk,前后移动,后退,2.0,m,20,success,,4.138266,37,5.761495,-0.805875,2.80571,34.228486,4.920829,-1.371284,2.866399,29.858356,-0.840665,-0.565408,0.060689,2.0,1.013102,-0.986898,0.986898,-0.005389,0.060689,-4.370129,,,,,1.013116
20260806_143623_657877,2026-08-06T14:49:51.125,241,100,line_walk,前后移动,前进,2.0,m,21,success,,4.146767,33,4.920893,-1.371271,2.866413,29.855334,5.652394,-0.993173,2.831621,25.961544,0.731501,0.378098,-0.034792,2.0,0.822642,-1.177358,1.177358,-0.036231,-0.034792,-3.89379,,,,,0.823439
20260806_143623_657877,2026-08-06T14:49:55.336,242,100,line_walk,前后移动,后退,2.0,m,21,success,,4.208993,32,5.652245,-0.993301,2.831656,25.963769,4.719357,-1.453183,2.896653,20.860024,-0.932888,-0.459881,0.064996,2.0,1.04007,-0.95993,0.95993,0.005045,0.064996,-5.103744,,,,,1.040082
20260806_143623_657877,2026-08-06T14:49:59.487,243,100,line_walk,前后移动,前进,2.0,m,22,success,,4.147658,37,4.719376,-1.453188,2.896677,20.855351,5.516373,-1.174684,2.86053,18.158031,0.796998,0.278504,-0.036146,2.0,0.84393,-1.15607,1.15607,-0.023482,-0.036146,-2.69732,,,,,0.844257
20260806_143623_657877,2026-08-06T14:50:03.612,244,100,line_walk,前后移动,后退,2.0,m,22,success,,4.121857,34,5.516267,-1.174685,2.860537,18.161502,4.49141,-1.513515,2.910914,13.875413,-1.024857,-0.338829,0.050377,2.0,1.079412,-0.920588,0.920588,0.002505,0.050377,-4.286089,,,,,1.079415
20260806_143623_657877,2026-08-06T14:50:07.678,245,100,line_walk,前后移动,前进,2.0,m,23,success,,4.063379,34,4.491406,-1.513547,2.910894,13.874139,5.343044,-1.304606,2.893518,12.423198,0.851638,0.208941,-0.017376,2.0,0.876893,-1.123107,1.123107,-0.001369,-0.017376,-1.450941,,,,,0.876894
20260806_143623_657877,2026-08-06T14:50:11.784,246,100,line_walk,前后移动,后退,2.0,m,23,success,,4.102428,37,5.34291,-1.304591,2.893537,12.427697,4.344765,-1.530405,2.953335,7.998595,-0.998145,-0.225814,0.059799,2.0,1.023354,-0.976646,0.976646,0.005715,0.059799,-4.429101,,,,,1.02337
20260806_143623_657877,2026-08-06T14:50:16.007,247,100,line_walk,前后移动,前进,2.0,m,24,success,,4.220359,33,4.344874,-1.530457,2.953393,7.995065,5.160934,-1.459117,2.923965,0.939055,0.816061,0.07134,-0.029428,2.0,0.818051,-1.181949,1.181949,-0.042858,-0.029428,-7.056011,,,,,0.819173
20260806_143623_657877,2026-08-06T14:50:20.202,248,100,line_walk,前后移动,后退,2.0,m,24,success,,4.192351,30,5.160731,-1.459118,2.923986,0.924071,4.146305,-1.470345,2.978603,-3.250268,-1.014426,-0.011227,0.054617,2.0,1.014475,-0.985525,0.985525,-0.005134,0.054617,-4.174339,,,,,1.014488
20260806_143623_657877,2026-08-06T14:50:24.303,249,100,line_walk,前后移动,前进,2.0,m,25,success,,4.096305,32,4.146381,-1.47043,2.978687,-3.249317,4.981017,-1.534264,2.942986,-3.891554,0.834636,-0.063835,-0.035701,2.0,0.836913,-1.163087,1.163087,-0.016424,-0.035701,-0.642236,,,,,0.837074
20260806_143623_657877,2026-08-06T14:50:28.495,250,100,line_walk,前后移动,后退,2.0,m,25,success,,4.19001,31,4.980961,-1.534245,2.943006,-3.882454,3.955562,-1.465187,3.009731,-8.870614,-1.0254,0.069059,0.066725,2.0,1.027722,-0.972278,0.972278,0.00053,0.066725,-4.988161,,,,,1.027723
20260806_143623_657877,2026-08-06T14:50:32.598,251,100,line_walk,前后移动,前进,2.0,m,26,success,,4.0998,35,3.955713,-1.465243,3.009794,-8.86387,4.801201,-1.633916,2.98416,-14.842606,0.845489,-0.168672,-0.025634,2.0,0.861381,-1.138619,1.138619,-0.036379,-0.025634,-5.978735,,,,,0.862149
20260806_143623_657877,2026-08-06T14:50:36.696,252,100,line_walk,前后移动,后退,2.0,m,26,success,,4.090634,34,4.801116,-1.633899,2.984161,-14.846545,3.813965,-1.371363,3.038017,-18.690497,-0.98715,0.262536,0.053856,2.0,1.021465,-0.978535,0.978535,-0.000832,0.053856,-3.843952,,,,,1.021465
20260806_143623_657877,2026-08-06T14:50:40.797,253,100,line_walk,前后移动,前进,2.0,m,27,success,,4.098149,31,3.814137,-1.371417,3.038062,-18.691386,4.603973,-1.693163,3.017133,-23.642203,0.789836,-0.321746,-0.020929,2.0,0.85129,-1.14871,1.14871,-0.051658,-0.020929,-4.950817,,,,,0.852855
20260806_143623_657877,2026-08-06T14:50:44.983,254,100,line_walk,前后移动,后退,2.0,m,27,success,,4.182192,31,4.60386,-1.693139,3.017123,-23.643842,3.666469,-1.29593,3.075997,-27.65691,-0.937391,0.397209,0.058873,2.0,1.018003,-0.981997,0.981997,0.012075,0.058873,-4.013067,,,,,1.018075
20260806_143623_657877,2026-08-06T14:50:49.187,255,100,line_walk,前后移动,前进,2.0,m,28,success,,4.201897,32,3.666553,-1.296034,3.076074,-27.650059,4.416573,-1.740013,3.050176,-32.668412,0.750019,-0.443979,-0.025898,2.0,0.870403,-1.129597,1.129597,-0.045214,-0.025898,-5.018353,,,,,0.871577
20260806_143623_657877,2026-08-06T14:50:53.509,256,100,line_walk,前后移动,后退,2.0,m,28,success,,4.319187,32,4.416519,-1.739943,3.050179,-32.6707,3.546337,-1.179515,3.099189,-36.990061,-0.870182,0.560428,0.04901,2.0,1.035032,-0.964968,0.964968,-0.002028,0.04901,-4.31936,,,,,1.035034
20260806_143623_657877,2026-08-06T14:50:57.578,257,100,line_walk,前后移动,前进,2.0,m,29,success,,4.066161,33,3.546307,-1.179545,3.099183,-36.991287,4.222295,-1.732082,3.0739,-38.25409,0.675989,-0.552536,-0.025282,2.0,0.872388,-1.127612,1.127612,-0.034588,-0.025282,-1.262803,,,,,0.873073
20260806_143623_657877,2026-08-06T14:51:01.684,258,100,line_walk,前后移动,后退,2.0,m,29,success,,4.101742,30,4.222321,-1.732063,3.073899,-38.24866,3.420878,-1.078739,3.138697,-44.133558,-0.801443,0.653324,0.064798,2.0,1.033855,-0.966145,0.966145,-0.016922,0.064798,-5.884898,,,,,1.033994
20260806_143623_657877,2026-08-06T14:51:05.883,259,100,line_walk,前后移动,前进,2.0,m,30,success,,4.195811,34,3.420947,-1.078942,3.138818,-44.140862,4.009354,-1.720024,3.110512,-49.105194,0.588407,-0.641082,-0.028306,2.0,0.868724,-1.131276,1.131276,-0.050279,-0.028306,-4.964332,,,,,0.870178
20260806_143623_657877,2026-08-06T14:51:09.980,260,100,line_walk,前后移动,后退,2.0,m,30,success,,4.08963,31,4.009361,-1.720017,3.110499,-49.107349,3.337058,-0.939628,3.161779,-53.770818,-0.672303,0.780389,0.05128,2.0,1.030045,-0.969955,0.969955,-0.002657,0.05128,-4.663469,,,,,1.030048
20260806_143623_657877,2026-08-06T14:51:14.127,261,100,line_walk,前后移动,前进,2.0,m,31,success,,4.143927,35,3.337202,-0.93971,3.16193,-53.774616,3.81847,-1.650986,3.132392,-55.784791,0.481269,-0.711275,-0.029538,2.0,0.858197,-1.141803,1.141803,-0.032099,-0.029538,-2.010176,,,,,0.858797
20260806_143623_657877,2026-08-06T14:51:18.400,262,100,line_walk,前后移动,后退,2.0,m,31,success,,4.270698,33,3.818574,-1.651095,3.132427,-55.77807,3.229298,-0.79279,3.187399,-61.063387,-0.589276,0.858305,0.054973,2.0,1.041112,-0.958888,0.958888,0.004541,0.054973,-5.285316,,,,,1.041122
20260806_143623_657877,2026-08-06T14:51:22.564,263,100,line_walk,前后移动,前进,2.0,m,32,success,,4.161522,32,3.229312,-0.792795,3.187401,-61.064432,3.644615,-1.563156,3.16397,-62.620909,0.415303,-0.770361,-0.023432,2.0,0.875127,-1.124873,1.124873,-0.009262,-0.023432,-1.556477,,,,,0.875176
20260806_143623_657877,2026-08-06T14:51:26.781,264,100,line_walk,前后移动,后退,2.0,m,32,success,,4.215482,34,3.64455,-1.563013,3.163964,-62.619161,3.164521,-0.663926,3.216985,-67.774184,-0.480029,0.899087,0.053021,2.0,1.019129,-0.980871,0.980871,0.012758,0.053021,-5.155024,,,,,1.019209
20260806_143623_657877,2026-08-06T14:51:31.062,265,100,line_walk,前后移动,前进,2.0,m,33,success,,4.279112,33,3.164543,-0.663991,3.217044,-67.77622,3.453493,-1.437703,3.18458,-71.659462,0.28895,-0.773712,-0.032464,2.0,0.825524,-1.174476,1.174476,-0.025152,-0.032464,-3.883243,,,,,0.825907
20260806_143623_657877,2026-08-06T14:51:35.257,266,100,line_walk,前后移动,后退,2.0,m,33,success,,4.191683,34,3.45354,-1.437549,3.184573,-71.65673,3.115866,-0.473336,3.237938,-75.226727,-0.337674,0.964213,0.053365,2.0,1.021488,-0.978512,0.978512,0.017069,0.053365,-3.569996,,,,,1.021631
20260806_143623_657877,2026-08-06T14:51:39.478,267,100,line_walk,前后移动,前进,2.0,m,34,success,,4.218791,34,3.115892,-0.473459,3.237978,-75.22769,3.312985,-1.30391,3.207512,-74.36281,0.197093,-0.830452,-0.030466,2.0,0.853257,-1.146743,1.146743,-0.021169,-0.030466,0.86488,,,,,0.85352
20260806_143623_657877,2026-08-06T14:51:43.676,268,100,line_walk,前后移动,后退,2.0,m,34,success,,4.195393,32,3.31295,-1.303758,3.207523,-74.33622,3.025037,-0.304939,3.27709,-78.219914,-0.287913,0.998819,0.069567,2.0,1.039459,-0.960541,0.960541,0.007547,0.069567,-3.883693,,,,,1.039486
20260806_143623_657877,2026-08-06T14:51:47.861,269,100,line_walk,前后移动,前进,2.0,m,35,success,,4.182433,32,3.025036,-0.305067,3.27712,-78.22044,3.162587,-1.145393,3.24424,-83.503721,0.137551,-0.840326,-0.032881,2.0,0.85071,-1.14929,1.14929,-0.036895,-0.032881,-5.283281,,,,,0.851509
20260806_143623_657877,2026-08-06T14:51:52.178,270,100,line_walk,前后移动,后退,2.0,m,35,success,,4.310842,32,3.162577,-1.145253,3.244237,-83.530113,3.053893,-0.124658,3.3009,-87.781325,-0.108684,1.020596,0.056663,2.0,1.026342,-0.973658,0.973658,-0.00701,0.056663,-4.251212,,,,,1.026366
20260806_143623_657877,2026-08-06T14:51:56.464,271,100,line_walk,前后移动,前进,2.0,m,36,success,,4.282242,32,3.053884,-0.124698,3.300923,-87.783306,3.045244,-0.976743,3.275326,-92.564527,-0.00864,-0.852044,-0.025596,2.0,0.851073,-1.148927,1.148927,-0.04159,-0.025596,-4.781221,,,,,0.852088
20260806_143623_657877,2026-08-06T14:52:00.648,272,100,line_walk,前后移动,后退,2.0,m,36,success,,4.18155,31,3.045288,-0.976584,3.275344,-92.567676,3.073415,0.04312,3.333404,-96.004333,0.028126,1.019704,0.058059,2.0,1.01994,-0.98006,0.98006,0.017584,0.058059,-3.436657,,,,,1.020092
20260806_143623_657877,2026-08-06T14:52:04.870,273,100,line_walk,前后移动,前进,2.0,m,37,success,,4.214915,31,3.073609,0.042636,3.333567,-96.011641,2.954833,-0.817855,3.299758,-99.186662,-0.118776,-0.860491,-0.033809,2.0,0.868198,-1.131802,1.131802,-0.028003,-0.033809,-3.17502,,,,,0.86865
20260806_143623_657877,2026-08-06T14:52:09.059,274,100,line_walk,前后移动,后退,2.0,m,37,success,,4.185968,32,2.954863,-0.817799,3.299771,-99.185835,3.111238,0.234213,3.357354,-103.394324,0.156375,1.052012,0.057583,2.0,1.063484,-0.936516,0.936516,0.01357,0.057583,-4.208489,,,,,1.06357
20260806_143623_657877,2026-08-06T14:52:13.252,275,100,line_walk,前后移动,前进,2.0,m,38,success,,4.191257,32,3.111212,0.234191,3.357388,-103.394324,2.893258,-0.622511,3.331262,-105.473591,-0.217954,-0.856702,-0.026126,2.0,0.883888,-1.116112,1.116112,-0.013569,-0.026126,-2.079267,,,,,0.883992
20260806_143623_657877,2026-08-06T14:52:17.464,276,100,line_walk,前后移动,后退,2.0,m,38,success,,4.210905,32,2.893234,-0.62249,3.331285,-105.470094,3.156601,0.367196,3.397154,-109.5654,0.263366,0.989686,0.065869,2.0,1.024079,-0.975921,0.975921,0.01016,0.065869,-4.095306,,,,,1.024129
20260806_143623_657877,2026-08-06T14:52:21.657,277,100,line_walk,前后移动,前进,2.0,m,39,success,,4.190573,32,3.1566,0.367135,3.397183,-109.565885,2.827385,-0.443596,3.362417,-112.364685,-0.329214,-0.810731,-0.034765,2.0,0.874168,-1.125832,1.125832,-0.038698,-0.034765,-2.7988,,,,,0.875024
20260806_143623_657877,2026-08-06T14:52:25.850,278,100,line_walk,前后移动,后退,2.0,m,39,success,,4.184907,33,2.82746,-0.443502,3.362396,-112.357828,3.231287,0.522161,3.418556,-118.326416,0.403827,0.965662,0.05616,2.0,1.046682,-0.953318,0.953318,-0.006142,0.05616,-5.968588,,,,,1.0467
20260806_143623_657877,2026-08-06T14:52:30.067,279,100,line_walk,前后移动,前进,2.0,m,40,success,,4.21342,31,3.231277,0.522183,3.418562,-118.32535,2.814603,-0.240827,3.389452,-120.624433,-0.416674,-0.76301,-0.02911,2.0,0.869356,-1.130644,1.130644,-0.004753,-0.02911,-2.299083,,,,,0.869369
20260806_143623_657877,2026-08-06T14:52:34.366,280,100,line_walk,前后移动,后退,2.0,m,40,success,,4.296217,33,2.814778,-0.240653,3.389454,-120.616319,3.351752,0.669244,3.442921,-126.097108,0.536974,0.909897,0.053467,2.0,1.056528,-0.943472,0.943472,0.00128,0.053467,-5.48079,,,,,1.056529
20260806_143623_657877,2026-08-06T14:52:38.556,281,100,line_walk,前后移动,前进,2.0,m,41,success,,4.188467,31,3.35176,0.669225,3.442944,-126.101111,2.824665,-0.022709,3.422359,-128.817163,-0.527095,-0.691934,-0.020585,2.0,0.869639,-1.130361,1.130361,-0.018185,-0.020585,-2.716052,,,,,0.869829
20260806_143623_657877,2026-08-06T14:52:42.744,282,100,line_walk,前后移动,后退,2.0,m,41,success,,4.184111,31,2.824759,-0.022494,3.422342,-128.81133,3.451313,0.791767,3.48469,-132.759466,0.626553,0.814262,0.062348,2.0,1.027181,-0.972819,0.972819,0.022126,0.062348,-3.948136,,,,,1.02742
20260806_143623_657877,2026-08-06T14:52:46.959,283,100,line_walk,前后移动,前进,2.0,m,42,success,,4.207984,32,3.451184,0.791586,3.484768,-132.761078,2.857838,0.198353,3.448879,-135.838242,-0.593345,-0.593233,-0.03589,2.0,0.838394,-1.161606,1.161606,-0.032858,-0.03589,-3.077164,,,,,0.839037
20260806_143623_657877,2026-08-06T14:52:51.245,284,100,line_walk,前后移动,后退,2.0,m,42,success,,4.283261,28,2.857879,0.198426,3.448883,-135.836972,3.585275,0.915595,3.512108,-141.154848,0.727396,0.71717,0.063225,2.0,1.021458,-0.978542,0.978542,0.007691,0.063225,-5.317876,,,,,1.021487
20260806_143623_657877,2026-08-06T14:52:55.450,285,100,line_walk,前后移动,前进,2.0,m,43,success,,4.202516,31,3.585233,0.915561,3.512175,-141.149629,2.923814,0.426561,3.475494,-145.343721,-0.661419,-0.489,-0.036681,2.0,0.821848,-1.178152,1.178152,-0.034074,-0.036681,-4.194091,,,,,0.822555
20260806_143623_657877,2026-08-06T14:52:59.742,286,100,line_walk,前后移动,后退,2.0,m,43,success,,4.289417,30,2.923897,0.426627,3.475499,-145.338803,3.760661,1.032469,3.536679,-149.680181,0.836765,0.605842,0.061179,2.0,1.03282,-0.96718,0.96718,0.022436,0.061179,-4.341378,,,,,1.033063
20260806_143623_657877,2026-08-06T14:53:03.955,287,100,line_walk,前后移动,前进,2.0,m,44,success,,4.210683,36,3.76061,1.032506,3.536717,-149.683186,3.030011,0.640576,3.496313,-152.954314,-0.730599,-0.39193,-0.040404,2.0,0.828527,-1.171473,1.171473,-0.03046,-0.040404,-3.271128,,,,,0.829087
20260806_143623_657877,2026-08-06T14:53:08.148,288,100,line_walk,前后移动,后退,2.0,m,44,success,,4.186102,33,3.03014,0.640665,3.496317,-152.951076,3.943587,1.127668,3.563055,-157.164593,0.913447,0.487004,0.066738,2.0,1.034998,-0.965002,0.965002,0.018343,0.066738,-4.213516,,,,,1.035161
20260806_143623_657877,2026-08-06T14:53:12.284,289,100,line_walk,前后移动,前进,2.0,m,45,success,,4.133709,34,3.943484,1.127661,3.56314,-157.16936,3.172382,0.834428,3.527804,-160.542176,-0.771102,-0.293232,-0.035336,2.0,0.824468,-1.175532,1.175532,-0.028935,-0.035336,-3.372816,,,,,0.824975
20260806_143623_657877,2026-08-06T14:53:16.450,290,100,line_walk,前后移动,后退,2.0,m,45,success,,4.163146,33,3.172577,0.834477,3.527794,-160.533269,4.136915,1.179419,3.589236,-165.603838,0.964338,0.344942,0.061442,2.0,1.024167,-0.975833,0.975833,0.003849,0.061442,-5.070569,,,,,1.024174
20260806_143623_657877,2026-08-06T14:53:20.632,291,100,line_walk,前后移动,前进,2.0,m,46,success,,4.175299,39,4.136744,1.179369,3.589344,-165.610272,3.337159,1.009513,3.55556,-171.511364,-0.799584,-0.169856,-0.033784,2.0,0.816712,-1.183288,1.183288,-0.034182,-0.033784,-5.901092,,,,,0.817427
20260806_143623_657877,2026-08-06T14:53:24.731,292,100,line_walk,前后移动,后退,2.0,m,46,success,,4.096417,31,3.337249,1.009573,3.555605,-171.529327,4.342984,1.159266,3.611239,-175.929226,1.005735,0.149693,0.055634,2.0,1.016814,-0.983186,0.983186,-8.8e-05,0.055634,-4.399899,,,,,1.016814
20260806_143623_657877,2026-08-06T14:53:28.932,293,100,line_walk,前后移动,前进,2.0,m,47,success,,4.198523,33,4.342957,1.159267,3.611265,-175.925333,3.569649,1.130788,3.581454,179.686008,-0.773309,-0.028479,-0.029811,2.0,0.773378,-1.226622,1.226622,-0.026541,-0.029811,-4.38866,,,,,0.773833
20260806_143623_657877,2026-08-06T14:53:33.117,294,100,line_walk,前后移动,后退,2.0,m,47,success,,4.181564,30,3.569786,1.130809,3.581443,179.683836,4.610068,1.14509,3.639747,174.94837,1.040282,0.014281,0.058304,2.0,1.040187,-0.959813,0.959813,0.020021,0.058304,-4.735466,,,,,1.04038
20260806_143623_657877,2026-08-06T14:53:37.326,295,100,line_walk,前后移动,前进,2.0,m,48,success,,4.20624,30,4.609967,1.145228,3.6399,174.933371,3.761533,1.239734,3.606252,172.955143,-0.848434,0.094506,-0.033648,2.0,0.853465,-1.146535,1.146535,-0.019208,-0.033648,-1.978228,,,,,0.853681
20260806_143623_657877,2026-08-06T14:53:41.424,296,100,line_walk,前后移动,后退,2.0,m,48,success,,4.096215,29,3.76153,1.239729,3.606267,172.95528,4.813843,1.111491,3.647617,168.402576,1.052313,-0.128238,0.04135,2.0,1.060096,-0.939904,0.939904,0.00179,0.04135,-4.552704,,,,,1.060098
20260806_143623_657877,2026-08-06T14:53:45.530,297,100,line_walk,前后移动,前进,2.0,m,49,success,,4.103461,29,4.813702,1.111534,3.64774,168.418326,3.953221,1.293415,3.639593,164.296785,-0.86048,0.181881,-0.008147,2.0,0.879476,-1.120524,1.120524,-0.005424,-0.008147,-4.121541,,,,,0.879493
20260806_143623_657877,2026-08-06T14:53:49.635,298,100,line_walk,前后移动,后退,2.0,m,49,success,,4.101685,32,3.953373,1.293411,3.639594,164.289409,4.953469,1.001004,3.6849,158.604137,1.000095,-0.292407,0.045305,2.0,1.041911,-0.958089,0.958089,-0.010679,0.045305,-5.685272,,,,,1.041966
20260806_143623_657877,2026-08-06T14:53:53.816,299,100,line_walk,前后移动,前进,2.0,m,50,success,,4.177233,32,4.953432,1.001151,3.685026,158.606446,4.158141,1.330556,3.660581,158.871689,-0.795291,0.329404,-0.024446,2.0,0.860651,-1.139349,1.139349,-0.016607,-0.024446,0.265244,,,,,0.860811
20260806_143623_657877,2026-08-06T14:53:57.919,300,100,line_walk,前后移动,后退,2.0,m,50,success,,4.095066,32,4.158174,1.330536,3.66058,158.883601,5.128075,0.943858,3.713765,154.105433,0.969902,-0.386678,0.053185,2.0,1.044079,-0.955921,0.955921,-0.011292,0.053185,-4.778168,,,,,1.04414
20260806_143623_657877,2026-08-06T14:54:02.102,301,100,line_walk,前后移动,前进,2.0,m,51,success,,4.181321,30,5.127935,0.943891,3.713881,154.105433,4.389945,1.345778,3.701977,153.794905,-0.73799,0.401887,-0.011903,2.0,0.839406,-1.160594,1.160594,-0.039245,-0.011903,-0.310528,,,,,0.840323
20260806_143623_657877,2026-08-06T14:54:06.206,302,100,line_walk,前后移动,后退,2.0,m,51,success,,4.101037,33,4.389966,1.345717,3.701992,153.800506,5.317894,0.886898,3.746905,149.349258,0.927927,-0.458819,0.044914,2.0,1.035162,-0.964838,0.964838,-0.002003,0.044914,-4.451248,,,,,1.035164
20260806_143623_657877,2026-08-06T14:54:10.308,303,100,line_walk,前后移动,前进,2.0,m,52,success,,4.09975,30,5.317862,0.886941,3.746953,149.352113,4.572286,1.34463,3.721469,147.234167,-0.745576,0.457689,-0.025484,2.0,0.874743,-1.125257,1.125257,-0.013692,-0.025484,-2.117946,,,,,0.87485
20260806_143623_657877,2026-08-06T14:54:14.500,304,100,line_walk,前后移动,后退,2.0,m,52,success,,4.187385,30,4.572292,1.344651,3.721473,147.236435,5.442694,0.785809,3.772104,142.34091,0.870401,-0.558842,0.050631,2.0,1.03436,-0.96564,0.96564,0.001102,0.050631,-4.895524,,,,,1.034361
20260806_143623_657877,2026-08-06T14:54:18.703,305,100,line_walk,前后移动,前进,2.0,m,53,success,,4.200326,31,5.44259,0.785848,3.772169,142.344175,4.775233,1.323161,3.745763,140.486241,-0.667357,0.537313,-0.026406,2.0,0.856597,-1.143403,1.143403,-0.017688,-0.026406,-1.857934,,,,,0.85678
20260806_143623_657877,2026-08-06T14:54:23.001,306,100,line_walk,前后移动,后退,2.0,m,53,success,,4.296475,33,4.775344,1.323062,3.74577,140.492251,5.592733,0.665033,3.783846,137.634527,0.817389,-0.658029,0.038075,2.0,1.049273,-0.950727,0.950727,0.012314,0.038075,-2.857724,,,,,1.049345
20260806_143623_657877,2026-08-06T14:54:27.205,307,100,line_walk,前后移动,前进,2.0,m,54,success,,4.201232,32,5.592708,0.665058,3.783913,137.646835,4.954122,1.260707,3.77172,135.389854,-0.638586,0.595649,-0.012193,2.0,0.873207,-1.126793,1.126793,-0.009974,-0.012193,-2.256981,,,,,0.873264
20260806_143623_657877,2026-08-06T14:54:31.297,308,100,line_walk,前后移动,后退,2.0,m,54,success,,4.08946,30,4.954202,1.260637,3.771713,135.394826,5.699173,0.529031,3.825242,130.308535,0.744971,-0.731606,0.053529,2.0,1.044138,-0.955862,0.955862,0.002255,0.053529,-5.086292,,,,,1.04414
20260806_143623_657877,2026-08-06T14:54:35.601,309,100,line_walk,前后移动,前进,2.0,m,55,success,,4.301735,32,5.699164,0.529117,3.825284,130.308535,5.160284,1.196286,3.795917,130.799448,-0.538881,0.667169,-0.029367,2.0,0.857368,-1.142632,1.142632,-0.020659,-0.029367,0.490913,,,,,0.857617
20260806_143623_657877,2026-08-06T14:54:39.795,310,100,line_walk,前后移动,后退,2.0,m,55,success,,4.192314,31,5.160337,1.196213,3.795922,130.815171,5.828543,0.408133,3.860448,125.995735,0.668205,-0.78808,0.064526,2.0,1.03319,-0.96681,0.96681,-0.009393,0.064526,-4.819436,,,,,1.033232
20260806_143623_657877,2026-08-06T14:54:43.894,311,100,line_walk,前后移动,前进,2.0,m,56,success,,4.096292,31,5.828475,0.408204,3.860476,125.995844,5.365307,1.089912,3.826527,122.091694,-0.463167,0.681708,-0.033949,2.0,0.823758,-1.176242,1.176242,-0.025928,-0.033949,-3.90415,,,,,0.824166
20260806_143623_657877,2026-08-06T14:54:48.093,312,100,line_walk,前后移动,后退,2.0,m,56,success,,4.195922,30,5.365417,1.089812,3.826525,122.08776,5.926,0.232844,3.87877,118.394281,0.560584,-0.856968,0.052245,2.0,1.023845,-0.976155,0.976155,0.01971,0.052245,-3.693479,,,,,1.024035
20260806_143623_657877,2026-08-06T14:54:52.207,313,100,line_walk,前后移动,前进,2.0,m,57,success,,4.111953,30,5.925955,0.232897,3.878804,118.39316,5.55781,0.967549,3.845711,115.32575,-0.368145,0.734653,-0.033093,2.0,0.821338,-1.178662,1.178662,-0.025483,-0.033093,-3.067411,,,,,0.821733
20260806_143623_657877,2026-08-06T14:54:56.502,314,100,line_walk,前后移动,后退,2.0,m,57,success,,4.292166,31,5.557858,0.967516,3.845734,115.329165,6.001385,0.03971,3.907496,111.789576,0.443526,-0.927806,0.061763,2.0,1.028359,-0.971641,0.971641,0.003956,0.061763,-3.539588,,,,,1.028367
20260806_143623_657877,2026-08-06T14:55:00.597,315,100,line_walk,前后移动,前进,2.0,m,58,success,,4.091994,30,6.001451,0.039813,3.907523,111.788968,5.724059,0.805563,3.874419,106.352773,-0.277392,0.76575,-0.033104,2.0,0.814007,-1.185993,1.185993,-0.026664,-0.033104,-5.436195,,,,,0.814444
20260806_143623_657877,2026-08-06T14:55:04.889,316,100,line_walk,前后移动,后退,2.0,m,58,success,,4.288992,31,5.724051,0.805456,3.874413,106.34901,6.016082,-0.177198,3.940044,102.180723,0.292031,-0.982655,0.065631,2.0,1.025124,-0.974876,0.974876,0.003618,0.065631,-4.168287,,,,,1.02513
20260806_143623_657877,2026-08-06T14:55:09.091,317,100,line_walk,前后移动,前进,2.0,m,59,success,,4.200088,36,6.016047,-0.177136,3.940094,102.17433,5.862191,0.666857,3.893804,100.342739,-0.153855,0.843993,-0.04629,2.0,0.857458,-1.142542,1.142542,-0.027592,-0.04629,-1.83159,,,,,0.857901
20260806_143623_657877,2026-08-06T14:55:13.285,318,100,line_walk,前后移动,后退,2.0,m,59,success,,4.191139,31,5.862218,0.666761,3.893824,100.347015,6.053865,-0.363264,3.966895,96.671369,0.191647,-1.030025,0.073071,2.0,1.047696,-0.952304,0.952304,0.003528,0.073071,-3.675646,,,,,1.047702
20260806_143623_657877,2026-08-06T14:55:17.480,319,100,line_walk,前后移动,前进,2.0,m,60,success,,4.192629,31,6.053839,-0.363073,3.966964,96.667524,5.9924,0.505276,3.9316,91.700364,-0.061439,0.868349,-0.035363,2.0,0.869609,-1.130391,1.130391,-0.039799,-0.035363,-4.967159,,,,,0.87052
20260806_143623_657877,2026-08-06T14:55:21.680,320,100,line_walk,前后移动,后退,2.0,m,60,success,,4.197447,34,5.992404,0.505207,3.931621,91.696915,6.027888,-0.501949,3.994363,87.506191,0.035485,-1.007156,0.062742,2.0,1.007765,-0.992235,0.992235,0.005645,0.062742,-4.190724,,,,,1.007781
20260806_143623_657877,2026-08-06T14:55:26.081,321,100,line_walk,前后移动,前进,2.0,m,61,success,,4.390474,34,6.028135,-0.50152,3.99454,87.516983,6.110745,0.356669,3.960176,82.240163,0.08261,0.858189,-0.034364,2.0,0.860962,-1.139038,1.139038,-0.045353,-0.034364,-5.27682,,,,,0.862156
20260806_143623_657877,2026-08-06T14:55:30.289,322,100,line_walk,前后移动,后退,2.0,m,61,success,,4.206518,31,6.110764,0.356566,3.960185,82.233347,5.981147,-0.670413,4.025272,78.03276,-0.129617,-1.026978,0.065088,2.0,1.035074,-0.964926,0.964926,0.010357,0.065088,-4.200587,,,,,1.035126
20260806_143623_657877,2026-08-06T14:55:34.390,323,100,line_walk,前后移动,前进,2.0,m,62,success,,4.098367,30,5.9812,-0.670309,4.025311,78.038354,6.193392,0.167722,3.987492,73.574825,0.212192,0.838031,-0.037819,2.0,0.863813,-1.136187,1.136187,-0.033897,-0.037819,-4.463529,,,,,0.864477
20260806_143623_657877,2026-08-06T14:55:38.765,324,100,line_walk,前后移动,后退,2.0,m,62,success,,4.371393,39,6.193381,0.167672,3.987495,73.572954,5.919768,-0.824559,4.05287,70.830045,-0.273613,-0.992231,0.065376,2.0,1.029105,-0.970895,0.970895,0.018153,0.065376,-2.742908,,,,,1.029265
20260806_143623_657877,2026-08-06T14:55:42.951,325,100,line_walk,前后移动,前进,2.0,m,63,success,,4.179554,38,5.920496,-0.823768,4.053153,70.860303,6.208865,-0.034329,4.011029,68.920734,0.288369,0.78944,-0.042123,2.0,0.840349,-1.159651,1.159651,-0.013593,-0.042123,-1.939569,,,,,0.840459
20260806_143623_657877,2026-08-06T14:55:47.202,326,100,line_walk,前后移动,后退,2.0,m,63,success,,4.244108,38,6.208938,-0.034267,4.011084,68.921103,5.831273,-1.016756,4.075941,65.595101,-0.377666,-0.982489,0.064857,2.0,1.052575,-0.947425,0.947425,0.000961,0.064857,-3.326002,,,,,1.052576
20260806_143623_657877,2026-08-06T14:55:51.486,327,100,line_walk,前后移动,前进,2.0,m,64,success,,4.281823,34,5.831287,-1.016791,4.075952,65.594104,6.192181,-0.270226,4.043038,62.207123,0.360893,0.746565,-0.032914,2.0,0.828973,-1.171027,1.171027,-0.020165,-0.032914,-3.386982,,,,,0.829218
20260806_143623_657877,2026-08-06T14:55:55.771,328,100,line_walk,前后移动,后退,2.0,m,64,success,,4.282824,33,6.192125,-0.27025,4.043048,62.210845,5.715203,-1.178663,4.105859,57.010001,-0.476922,-0.908413,0.062811,2.0,1.025995,-0.974005,0.974005,0.001602,0.062811,-5.200844,,,,,1.025996
20260806_143623_657877,2026-08-06T14:55:59.890,329,100,line_walk,前后移动,前进,2.0,m,65,success,,4.115784,31,5.715227,-1.178652,4.105895,57.008215,6.198904,-0.471863,4.070098,55.075876,0.483676,0.706789,-0.035797,2.0,0.856189,-1.143811,1.143811,-0.020823,-0.035797,-1.932339,,,,,0.856442
20260806_143623_657877,2026-08-06T14:56:04.091,330,100,line_walk,前后移动,后退,2.0,m,65,success,,4.193593,34,6.198827,-0.471941,4.070087,55.080223,5.59432,-1.338215,4.125139,50.244951,-0.604507,-0.866274,0.055052,2.0,1.056342,-0.943658,0.943658,0.000212,0.055052,-4.835272,,,,,1.056342
20260806_143623_657877,2026-08-06T14:56:08.382,331,100,line_walk,前后移动,前进,2.0,m,66,success,,4.288363,35,5.594297,-1.338217,4.125128,50.247198,6.156622,-0.668741,4.095821,49.054849,0.562325,0.669476,-0.029307,2.0,0.874294,-1.125706,1.125706,-0.004207,-0.029307,-1.19235,,,,,0.874304
20260806_143623_657877,2026-08-06T14:56:12.661,332,100,line_walk,前后移动,后退,2.0,m,66,success,,4.276357,34,6.156493,-0.668789,4.095841,49.058769,5.470575,-1.457651,4.14541,44.926662,-0.685917,-0.788861,0.049569,2.0,1.045363,-0.954637,0.954637,-0.001201,0.049569,-4.132107,,,,,1.045364
20260806_143623_657877,2026-08-06T14:56:16.867,333,100,line_walk,前后移动,前进,2.0,m,67,success,,4.204013,39,5.470488,-1.457709,4.145468,44.931539,6.095817,-0.840475,4.127028,43.759099,0.625329,0.617234,-0.018441,2.0,0.878631,-1.121369,1.121369,-0.004674,-0.018441,-1.17244,,,,,0.878644
20260806_143623_657877,2026-08-06T14:56:21.147,334,100,line_walk,前后移动,后退,2.0,m,67,success,,4.276868,35,6.095728,-0.8406,4.127033,43.764229,5.357625,-1.548479,4.192472,38.481228,-0.738103,-0.707879,0.065439,2.0,1.022687,-0.977313,0.977313,0.000685,0.065439,-5.283001,,,,,1.022687
20260806_143623_657877,2026-08-06T14:56:25.303,335,100,line_walk,前后移动,前进,2.0,m,68,success,,4.153166,35,5.35764,-1.548479,4.192477,38.479578,6.040606,-1.030282,4.152894,37.021084,0.682967,0.518198,-0.039583,2.0,0.857088,-1.142912,1.142912,-0.019306,-0.039583,-1.458495,,,,,0.857305
20260806_143623_657877,2026-08-06T14:56:29.464,336,100,line_walk,前后移动,后退,2.0,m,68,success,,4.158564,31,6.040524,-1.030417,4.152915,37.022497,5.191402,-1.670566,4.216583,31.30401,-0.849121,-0.640149,0.063667,2.0,1.063389,-0.936611,0.936611,-0.000186,0.063667,-5.718487,,,,,1.063389
20260806_143623_657877,2026-08-06T14:56:33.589,337,100,line_walk,前后移动,前进,2.0,m,69,success,,4.121505,31,5.191397,-1.670559,4.216592,31.301893,5.943468,-1.230297,4.183936,29.67917,0.75207,0.440262,-0.032656,2.0,0.871337,-1.128663,1.128663,-0.014558,-0.032656,-1.622723,,,,,0.871459
20260806_143623_657877,2026-08-06T14:56:37.775,338,100,line_walk,前后移动,后退,2.0,m,69,success,,4.182153,32,5.943392,-1.230331,4.183965,29.679173,5.056231,-1.752897,4.241535,25.779765,-0.887161,-0.522566,0.05757,2.0,1.029521,-0.970479,0.970479,0.01474,0.05757,-3.899408,,,,,1.029626
20260806_143623_657877,2026-08-06T14:56:41.966,339,100,line_walk,前后移动,前进,2.0,m,70,success,,4.18397,31,5.05621,-1.752895,4.241544,25.780679,5.848317,-1.389542,4.206909,23.881898,0.792108,0.363353,-0.034635,2.0,0.871298,-1.128702,1.128702,-0.017323,-0.034635,-1.898781,,,,,0.87147
20260806_143623_657877,2026-08-06T14:56:46.167,340,100,line_walk,前后移动,后退,2.0,m,70,success,,4.198008,32,5.848248,-1.389549,4.206914,23.88454,4.892845,-1.831347,4.258887,21.127674,-0.955402,-0.441798,0.051973,2.0,1.052467,-0.947533,0.947533,0.017126,0.051973,-2.756866,,,,,1.052606
20260806_143623_657877,2026-08-06T14:56:50.421,341,100,line_walk,前后移动,前进,2.0,m,71,success,,4.249309,33,4.892988,-1.831451,4.258955,21.153065,5.708573,-1.531179,4.239799,16.395702,0.815585,0.300272,-0.019156,2.0,0.868987,-1.131013,1.131013,-0.014273,-0.019156,-4.757363,,,,,0.869104
20260806_143623_657877,2026-08-06T14:56:54.706,342,100,line_walk,前后移动,后退,2.0,m,71,success,,4.282693,41,5.708093,-1.531392,4.239916,16.369276,4.714597,-1.827327,4.29789,12.604578,-0.993496,-0.295935,0.057974,2.0,1.036628,-0.963372,0.963372,0.003945,0.057974,-3.764698,,,,,1.036635
20260806_143623_657877,2026-08-06T14:56:58.969,343,100,line_walk,前后移动,前进,2.0,m,72,success,,4.262387,31,4.714623,-1.827312,4.297884,12.602909,5.553627,-1.6912,4.277297,10.993047,0.839004,0.136112,-0.020587,2.0,0.848487,-1.151513,1.151513,-0.050232,-0.020587,-1.609862,,,,,0.849973
20260806_143623_657877,2026-08-06T14:57:03.159,344,100,line_walk,前后移动,后退,2.0,m,72,success,,4.18719,32,5.553564,-1.691266,4.277317,10.994246,4.523896,-1.905671,4.324003,8.135806,-1.029667,-0.214405,0.046687,2.0,1.051659,-0.948341,0.948341,0.014102,0.046687,-2.85844,,,,,1.051753
20260806_143623_657877,2026-08-06T14:57:07.458,345,100,line_walk,前后移动,前进,2.0,m,73,success,,4.296449,32,4.524054,-1.905783,4.324059,8.151294,5.392273,-1.798675,4.306604,6.177055,0.868219,0.107108,-0.017455,2.0,0.874634,-1.125366,1.125366,-0.017076,-0.017455,-1.974238,,,,,0.874801
20260806_143623_657877,2026-08-06T14:57:11.650,346,100,line_walk,前后移动,后退,2.0,m,73,success,,4.189703,28,5.392111,-1.798705,4.30661,6.177604,4.377326,-1.92162,4.368769,1.455273,-1.014785,-0.122914,0.062159,2.0,1.022119,-0.977881,0.977881,0.012999,0.062159,-4.722331,,,,,1.022202
20260806_143623_657877,2026-08-06T14:57:15.866,347,100,line_walk,前后移动,前进,2.0,m,74,success,,4.21335,32,4.377311,-1.921674,4.368776,1.45514,5.219305,-1.925247,4.337024,-0.405126,0.841994,-0.003572,-0.031752,2.0,0.841632,-1.158368,1.158368,-0.024953,-0.031752,-1.860266,,,,,0.842001
20260806_143623_657877,2026-08-06T14:57:20.051,348,100,line_walk,前后移动,后退,2.0,m,74,success,,4.184085,31,5.219289,-1.925293,4.337051,-0.403188,4.19526,-1.920582,4.394246,-5.329829,-1.024029,0.004711,0.057195,2.0,1.024037,-0.975963,0.975963,0.002495,0.057195,-4.926641,,,,,1.02404
20260806_143623_657877,2026-08-06T14:57:24.264,349,100,line_walk,前后移动,前进,2.0,m,75,success,,4.208025,32,4.195338,-1.920613,4.394315,-5.333409,5.061862,-2.024361,4.360847,-7.063542,0.866523,-0.103748,-0.033468,2.0,0.872415,-1.127585,1.127585,-0.022755,-0.033468,-1.730133,,,,,0.872712
20260806_143623_657877,2026-08-06T14:57:28.402,350,100,line_walk,前后移动,后退,2.0,m,75,success,,4.134386,35,5.061756,-2.024354,4.360857,-7.063527,4.011976,-1.904463,4.420539,-11.440029,-1.04978,0.11989,0.059682,2.0,1.056555,-0.943445,0.943445,0.010111,0.059682,-4.376502,,,,,1.056604
20260806_143623_657877,2026-08-06T14:57:32.545,351,100,line_walk,前后移动,前进,2.0,m,76,success,,4.140099,36,4.012022,-1.904467,4.420553,-11.440029,4.849624,-2.099336,4.388784,-13.857241,0.837602,-0.194869,-0.031768,2.0,0.859612,-1.140388,1.140388,-0.024866,-0.031768,-2.417212,,,,,0.859972
20260806_143623_657877,2026-08-06T14:57:36.743,352,100,line_walk,前后移动,后退,2.0,m,76,success,,4.195491,33,4.849531,-2.099369,4.388772,-13.853106,3.870325,-1.867885,4.450836,-17.504257,-0.979206,0.231484,0.062064,2.0,1.006149,-0.993851,0.993851,0.009704,0.062064,-3.651151,,,,,1.006196
20260806_143623_657877,2026-08-06T14:57:40.895,353,100,line_walk,前后移动,前进,2.0,m,77,success,,4.149865,32,3.870484,-1.867989,4.450948,-17.50321,4.664541,-2.132965,4.416953,-20.511989,0.794057,-0.264976,-0.033995,2.0,0.836987,-1.163013,1.163013,-0.013887,-0.033995,-3.008779,,,,,0.837102
20260806_143623_657877,2026-08-06T14:57:45.054,354,100,line_walk,前后移动,后退,2.0,m,77,success,,4.156666,34,4.664465,-2.132902,4.416967,-20.505495,3.699157,-1.789372,4.477173,-23.872758,-0.965308,0.343529,0.060206,2.0,1.024483,-0.975517,0.975517,0.016382,0.060206,-3.367263,,,,,1.024613
20260806_143623_657877,2026-08-06T14:57:49.337,355,100,line_walk,前后移动,前进,2.0,m,78,success,,4.280023,31,3.69925,-1.789609,4.477293,-23.871694,4.428382,-2.156127,4.447228,-30.030125,0.729132,-0.366518,-0.030064,2.0,0.815084,-1.184916,1.184916,-0.040091,-0.030064,-6.158432,,,,,0.816069
20260806_143623_657877,2026-08-06T14:57:53.442,356,100,line_walk,前后移动,后退,2.0,m,78,success,,4.102484,30,4.428289,-2.156081,4.447233,-30.035245,3.553083,-1.655162,4.507271,-33.506869,-0.875206,0.500919,0.060038,2.0,1.008407,-0.991593,0.991593,0.004415,0.060038,-3.471625,,,,,1.008417
20260806_143623_657877,2026-08-06T14:57:57.736,357,100,line_walk,前后移动,前进,2.0,m,79,success,,4.291369,29,3.553126,-1.655258,4.507295,-33.515981,4.213544,-2.133141,4.473222,-39.86082,0.660419,-0.477883,-0.034073,2.0,0.814484,-1.185516,1.185516,-0.033763,-0.034073,-6.344839,,,,,0.815184
20260806_143623_657877,2026-08-06T14:58:01.843,358,100,line_walk,前后移动,后退,2.0,m,79,success,,4.104489,30,4.213486,-2.133111,4.473247,-39.866663,3.432472,-1.459174,4.536639,-45.14001,-0.781014,0.673938,0.063392,2.0,1.031454,-0.968546,0.968546,-0.01664,0.063392,-5.273347,,,,,1.031588
20260806_143623_657877,2026-08-06T14:58:06.142,359,100,line_walk,前后移动,前进,2.0,m,80,success,,4.292439,38,3.432556,-1.45931,4.536705,-45.140802,4.025455,-2.070184,4.504508,-46.598972,0.592899,-0.610874,-0.032196,2.0,0.851224,-1.148776,1.148776,-0.010618,-0.032196,-1.45817,,,,,0.851291
20260806_143623_657877,2026-08-06T14:58:10.342,360,100,line_walk,前后移动,后退,2.0,m,80,success,,4.197218,29,4.025394,-2.070079,4.504508,-46.600707,3.317233,-1.323142,4.565444,-51.458358,-0.708162,0.746937,0.060935,2.0,1.029275,-0.970725,0.970725,0.001334,0.060935,-4.857651,,,,,1.029276
20260806_143623_657877,2026-08-06T14:58:14.544,361,100,line_walk,前后移动,前进,2.0,m,81,success,,4.19941,33,3.317298,-1.323163,4.565489,-51.463737,3.824303,-1.990358,4.53379,-53.76032,0.507005,-0.667195,-0.031699,2.0,0.837759,-1.162241,1.162241,-0.019083,-0.031699,-2.296583,,,,,0.837976
20260806_143623_657877,2026-08-06T14:58:18.923,362,100,line_walk,前后移动,后退,2.0,m,81,success,,4.376342,33,3.824234,-1.990186,4.533781,-53.757567,3.212182,-1.174926,4.592242,-57.950091,-0.612052,0.815261,0.058461,2.0,1.019373,-0.980627,0.980627,0.011649,0.058461,-4.192524,,,,,1.01944
20260806_143623_657877,2026-08-06T14:58:23.132,363,100,line_walk,前后移动,前进,2.0,m,82,success,,4.205293,31,3.212174,-1.175635,4.592448,-57.947673,3.607069,-1.878436,4.56425,-64.422249,0.394894,-0.702801,-0.028198,2.0,0.805236,-1.194764,1.194764,-0.038274,-0.028198,-6.474575,,,,,0.806145
20260806_143623_657877,2026-08-06T14:58:27.250,364,100,line_walk,前后移动,后退,2.0,m,82,success,,4.110264,31,3.606932,-1.878149,4.564295,-64.45015,3.166143,-0.955854,4.61801,-68.861762,-0.440789,0.922295,0.053714,2.0,1.022215,-0.977785,0.977785,-9.8e-05,0.053714,-4.411612,,,,,1.022215
20260806_143623_657877,2026-08-06T14:58:31.530,365,100,line_walk,前后移动,前进,2.0,m,83,success,,4.276405,29,3.166161,-0.95592,4.618042,-68.865813,3.436213,-1.761963,4.591018,-69.057181,0.270052,-0.806044,-0.027025,2.0,0.849196,-1.150804,1.150804,-0.038733,-0.027025,-0.191368,,,,,0.850079
20260806_143623_657877,2026-08-06T14:58:35.637,366,100,line_walk,前后移动,后退,2.0,m,83,success,,4.10392,30,3.436181,-1.761939,4.591029,-69.056764,3.072527,-0.812528,4.64446,-73.310531,-0.363653,0.949411,0.053431,2.0,1.016674,-0.983326,0.983326,0.000268,0.053431,-4.253767,,,,,1.016674
20260806_143623_657877,2026-08-06T14:58:39.721,367,100,line_walk,前后移动,前进,2.0,m,84,success,,4.080994,30,3.072558,-0.812466,4.644463,-73.311009,3.313842,-1.655451,4.61215,-75.433128,0.241283,-0.842984,-0.032313,2.0,0.876767,-1.123233,1.123233,-0.010965,-0.032313,-2.122119,,,,,0.876835
20260806_143623_657877,2026-08-06T14:58:43.923,368,100,line_walk,前后移动,后退,2.0,m,84,success,,4.199768,29,3.313803,-1.655422,4.612167,-75.429365,3.036903,-0.638858,4.665902,-78.476128,-0.2769,1.016564,0.053734,2.0,1.05353,-0.94647,0.94647,0.012254,0.053734,-3.046763,,,,,1.053602
20260806_143623_657877,2026-08-06T14:58:48.123,369,100,line_walk,前后移动,前进,2.0,m,85,success,,4.197429,32,3.036913,-0.63893,4.665905,-78.474892,3.209242,-1.508919,4.643429,-79.86043,0.172329,-0.869989,-0.022476,2.0,0.886879,-1.113121,1.113121,-0.004967,-0.022476,-1.385538,,,,,0.886892
20260806_143623_657877,2026-08-06T14:58:52.322,370,100,line_walk,前后移动,后退,2.0,m,85,success,,4.196831,30,3.209237,-1.508915,4.643448,-79.856243,3.011926,-0.474219,4.688221,-83.209237,-0.197311,1.034696,0.044773,2.0,1.053272,-0.946728,0.946728,0.011998,0.044773,-3.352995,,,,,1.053341
20260806_143623_657877,2026-08-06T14:58:56.515,371,100,line_walk,前后移动,前进,2.0,m,86,success,,4.189917,31,3.011833,-0.474164,4.688251,-83.198951,3.103444,-1.33919,4.677387,-87.385898,0.091611,-0.865026,-0.010863,2.0,0.869788,-1.130212,1.130212,-0.011472,-0.010863,-4.186947,,,,,0.869864
20260806_143623_657877,2026-08-06T14:59:00.617,372,100,line_walk,前后移动,后退,2.0,m,86,success,,4.100569,30,3.103466,-1.339067,4.677402,-87.387353,3.048293,-0.314289,4.738136,-91.409412,-0.055173,1.024778,0.060734,2.0,1.026228,-0.973772,0.973772,0.008403,0.060734,-4.022059,,,,,1.026262
20260806_143623_657877,2026-08-06T14:59:04.719,373,100,line_walk,前后移动,前进,2.0,m,87,success,,4.099398,28,3.048312,-0.314446,4.73818,-91.419869,3.010659,-1.158846,4.699894,-93.347847,-0.037653,-0.8444,-0.038286,2.0,0.845074,-1.154926,1.154926,-0.016718,-0.038286,-1.927978,,,,,0.845239
20260806_143623_657877,2026-08-06T14:59:08.821,374,100,line_walk,前后移动,后退,2.0,m,87,success,,4.097482,32,3.010645,-1.158838,4.699885,-93.347847,3.063543,-0.118583,4.753856,-97.59352,0.052899,1.040256,0.053971,2.0,1.04157,-0.95843,0.95843,0.00794,0.053971,-4.245673,,,,,1.0416
20260806_143623_657877,2026-08-06T14:59:13.012,375,100,line_walk,前后移动,前进,2.0,m,88,success,,4.188418,33,3.063502,-0.118658,4.753887,-97.590699,2.936047,-1.006333,4.728347,-99.699192,-0.127455,-0.887675,-0.02554,2.0,0.896733,-1.103267,1.103267,-0.00908,-0.02554,-2.108493,,,,,0.896779
20260806_143623_657877,2026-08-06T14:59:17.105,376,100,line_walk,前后移动,后退,2.0,m,88,success,,4.090633,35,2.936022,-1.006345,4.728348,-99.697252,3.113926,0.019367,4.784608,-104.102772,0.177903,1.025713,0.05626,2.0,1.041023,-0.958977,0.958977,-0.002588,0.05626,-4.40552,,,,,1.041027
20260806_143623_657877,2026-08-06T14:59:21.203,377,100,line_walk,前后移动,前进,2.0,m,89,success,,4.095125,35,3.113889,0.019323,4.784629,-104.100668,2.890403,-0.824649,4.758724,-106.297551,-0.223486,-0.843972,-0.025905,2.0,0.872989,-1.127011,1.127011,-0.011138,-0.025905,-2.196883,,,,,0.87306
20260806_143623_657877,2026-08-06T14:59:25.401,378,100,line_walk,前后移动,后退,2.0,m,89,success,,4.195934,31,2.890385,-0.824553,4.758739,-106.297073,3.166965,0.186128,4.805056,-109.177131,0.27658,1.010681,0.046317,2.0,1.047685,-0.952315,0.952315,0.018148,0.046317,-2.880059,,,,,1.047842
20260806_143623_657877,2026-08-06T14:59:29.813,379,100,line_walk,前后移动,前进,2.0,m,90,success,,4.41011,34,3.166222,0.185829,4.80594,-109.10232,2.862553,-0.648346,4.785063,-110.913953,-0.303669,-0.834175,-0.020877,2.0,0.887619,-1.112381,1.112381,-0.013958,-0.020877,-1.811633,,,,,0.887729
20260806_143623_657877,2026-08-06T14:59:33.909,380,100,line_walk,前后移动,后退,2.0,m,90,success,,4.089422,32,2.862585,-0.648158,4.785045,-110.907997,3.230655,0.329715,4.833518,-114.700186,0.36807,0.977874,0.048472,2.0,1.044838,-0.955162,0.955162,0.005138,0.048472,-3.792189,,,,,1.04485
20260806_143623_657877,2026-08-06T14:59:37.998,381,100,line_walk,前后移动,前进,2.0,m,91,success,,4.085196,35,3.230511,0.329724,4.833547,-114.700186,2.843256,-0.453079,4.819513,-119.71819,-0.387255,-0.782803,-0.014034,2.0,0.873004,-1.126996,1.126996,-0.024714,-0.014034,-5.018003,,,,,0.873354
20260806_143623_657877,2026-08-06T14:59:42.182,382,100,line_walk,前后移动,后退,2.0,m,91,success,,4.181678,33,2.843425,-0.452756,4.819523,-119.721127,3.333367,0.438861,4.881133,-123.68153,0.489943,0.891617,0.06161,2.0,1.017227,-0.982773,0.982773,0.016555,0.06161,-3.960403,,,,,1.017361
20260806_143623_657877,2026-08-06T14:59:46.442,383,100,line_walk,前后移动,前进,2.0,m,92,success,,4.257736,32,3.333212,0.438785,4.881179,-123.681871,2.821168,-0.240601,4.846772,-126.905584,-0.512044,-0.679385,-0.034408,2.0,0.849307,-1.150693,1.150693,-0.049313,-0.034408,-3.223713,,,,,0.850737
20260806_143623_657877,2026-08-06T14:59:50.692,384,100,line_walk,前后移动,后退,2.0,m,92,success,,4.246796,30,2.821403,-0.240245,4.846784,-126.888973,3.429465,0.576484,4.90505,-131.77932,0.608061,0.816729,0.058266,2.0,1.018219,-0.981781,0.981781,0.003928,0.058266,-4.890347,,,,,1.018227
20260806_143623_657877,2026-08-06T14:59:54.993,385,100,line_walk,前后移动,前进,2.0,m,93,success,,4.294345,31,3.429415,0.576406,4.905071,-131.77178,2.861546,-0.006273,4.869173,-138.770005,-0.567869,-0.582679,-0.035899,2.0,0.812859,-1.187141,1.187141,-0.035359,-0.035899,-6.998225,,,,,0.813627
20260806_143623_657877,2026-08-06T14:59:59.189,386,100,line_walk,前后移动,后退,2.0,m,93,success,,4.192726,31,2.861634,-0.006195,4.869187,-138.777669,3.636079,0.675569,4.917244,-143.016853,0.774445,0.681764,0.048057,2.0,1.031776,-0.968224,0.968224,0.002449,0.048057,-4.239184,,,,,1.031779
20260806_143623_657877,2026-08-06T15:00:03.395,387,100,line_walk,前后移动,前进,2.0,m,94,success,,4.203335,32,3.636047,0.675615,4.91726,-143.022467,2.925768,0.173647,4.884857,-144.502187,-0.710279,-0.501968,-0.032403,2.0,0.869356,-1.130644,1.130644,-0.026226,-0.032403,-1.47972,,,,,0.869752
20260806_143623_657877,2026-08-06T15:00:07.501,388,100,line_walk,前后移动,后退,2.0,m,94,success,,4.104059,34,2.925823,0.173649,4.884848,-144.498458,3.788533,0.772456,4.947419,-149.133656,0.86271,0.598806,0.062571,2.0,1.050074,-0.949926,0.949926,-0.013509,0.062571,-4.635199,,,,,1.050161
20260806_143623_657877,2026-08-06T15:00:11.679,389,100,line_walk,前后移动,前进,2.0,m,95,success,,4.175028,34,3.788441,0.772403,4.947489,-149.136552,3.026369,0.366576,4.920831,-149.371224,-0.762072,-0.405827,-0.026658,2.0,0.862344,-1.137656,1.137656,-0.042579,-0.026658,-0.234672,,,,,0.863394
20260806_143623_657877,2026-08-06T15:00:15.882,390,100,line_walk,前后移动,后退,2.0,m,95,success,,4.195978,30,3.026398,0.366585,4.920853,-149.349859,3.922362,0.903602,4.9924,-153.742217,0.895964,0.537017,0.071547,2.0,1.044563,-0.955437,0.955437,0.005236,0.071547,-4.392358,,,,,1.044576
20260806_143623_657877,2026-08-06T15:00:19.992,391,100,line_walk,前后移动,前进,2.0,m,96,success,,4.106713,35,3.92227,0.903577,4.992456,-153.747927,3.187892,0.578,4.958759,-159.947949,-0.734377,-0.325578,-0.033697,2.0,0.802641,-1.197359,1.197359,-0.032834,-0.033697,-6.200022,,,,,0.803312
20260806_143623_657877,2026-08-06T15:00:24.179,392,100,line_walk,前后移动,后退,2.0,m,96,success,,4.184587,32,3.188134,0.578117,4.958819,-159.957962,4.169408,0.935044,5.01454,-164.375073,0.981273,0.356927,0.055721,2.0,1.044171,-0.955829,0.955829,-0.00098,0.055721,-4.417111,,,,,1.044172
20260806_143623_657877,2026-08-06T15:00:28.372,393,100,line_walk,前后移动,前进,2.0,m,97,success,,4.190318,31,4.169279,0.935031,5.014683,-164.376767,3.336565,0.735721,4.990571,-163.696863,-0.832714,-0.19931,-0.024112,2.0,0.855624,-1.144376,1.144376,-0.032312,-0.024112,0.679904,,,,,0.856234
20260806_143623_657877,2026-08-06T15:00:32.571,394,100,line_walk,前后移动,后退,2.0,m,97,success,,4.195676,32,3.336591,0.735658,4.990566,-163.690265,4.333959,1.029503,5.053202,-168.216563,0.997367,0.293845,0.062636,2.0,1.039751,-0.960249,0.960249,0.001929,0.062636,-4.526298,,,,,1.039753
20260806_143623_657877,2026-08-06T15:00:36.856,395,100,line_walk,前后移动,前进,2.0,m,98,success,,4.281954,31,4.333938,1.029485,5.053217,-168.215907,3.50509,0.848451,5.022858,-170.261193,-0.828848,-0.181034,-0.03036,2.0,0.848351,-1.151649,1.151649,0.007948,-0.03036,-2.045286,,,,,0.848388
20260806_143623_657877,2026-08-06T15:00:41.176,396,100,line_walk,前后移动,后退,2.0,m,98,success,,4.317762,33,3.505894,0.848619,5.022816,-170.276876,4.519981,1.038206,5.080366,-174.352395,1.014087,0.189588,0.05755,2.0,1.031539,-0.968461,0.968461,0.015598,0.05755,-4.075519,,,,,1.031657
20260806_143623_657877,2026-08-06T15:00:45.315,397,100,line_walk,前后移动,前进,2.0,m,99,success,,4.136905,31,4.519927,1.038181,5.080387,-174.347682,3.678207,0.958507,5.045542,-174.641858,-0.841719,-0.079674,-0.034845,2.0,0.845474,-1.154526,1.154526,-0.003616,-0.034845,-0.294176,,,,,0.845482
20260806_143623_657877,2026-08-06T15:00:49.574,398,100,line_walk,前后移动,后退,2.0,m,99,success,,4.252104,35,3.678385,0.958488,5.045551,-174.63429,4.720125,1.056891,5.104694,-179.594374,1.041739,0.098402,0.059143,2.0,1.046376,-0.953624,0.953624,0.000556,0.059143,-4.960083,,,,,1.046376
20260806_143623_657877,2026-08-06T15:00:53.875,399,100,line_walk,前后移动,前进,2.0,m,100,success,,4.298107,33,4.720112,1.056832,5.104716,-179.592557,3.859482,1.058451,5.078394,176.850782,-0.86063,0.001619,-0.026322,2.0,0.860597,-1.139403,1.139403,-0.007739,-0.026322,-3.556661,,,,,0.860632
20260806_143623_657877,2026-08-06T15:00:58.086,400,100,line_walk,前后移动,后退,2.0,m,100,success,,4.20863,35,3.859539,1.05846,5.078391,176.848037,4.886092,1.024627,5.134315,172.932644,1.026553,-0.033834,0.055924,2.0,1.026861,-0.973139,0.973139,0.022662,0.055924,-3.915392,,,,,1.027111
20260806_143623_657877,2026-08-06T15:01:03.304,401,100,line_walk,前后移动,前进,3.0,m,1,success,,5.214109,35,4.886061,1.024642,5.134328,172.93345,3.81548,1.193631,5.091432,167.814866,-1.070582,0.168989,-0.042897,3.0,1.083239,-1.916761,1.916761,-0.036,-0.042897,-5.118585,,,,,1.083837
20260806_143623_657877,2026-08-06T15:01:08.504,402,100,line_walk,前后移动,后退,3.0,m,1,success,,5.197418,41,3.815655,1.193572,5.09141,167.810481,5.181054,0.925243,5.151136,163.77097,1.365399,-0.268329,0.059726,3.0,1.391272,-1.608728,1.608728,0.026019,0.059726,-4.03951,,,,,1.391515
20260806_143623_657877,2026-08-06T15:01:13.640,403,100,line_walk,前后移动,前进,3.0,m,2,success,,5.133741,38,5.18122,0.927059,5.151373,163.908394,4.085624,1.269454,5.130085,158.855706,-1.095596,0.342396,-0.021288,3.0,1.147574,-1.852426,1.852426,-0.02531,-0.021288,-5.052687,,,,,1.147853
20260806_143623_657877,2026-08-06T15:01:18.852,404,100,line_walk,前后移动,后退,3.0,m,2,success,,5.209358,38,4.085665,1.269458,5.130117,158.8493,5.368392,0.754963,5.193506,153.607225,1.282726,-0.514495,0.063388,3.0,1.381956,-1.618044,1.618044,-0.017,0.063388,-5.242075,,,,,1.382061
20260806_143623_657877,2026-08-06T15:01:24.186,405,100,line_walk,前后移动,前进,3.0,m,3,success,,5.331397,40,5.368341,0.754974,5.193506,153.606884,4.398519,1.296415,5.168959,153.686469,-0.969822,0.541442,-0.024547,3.0,1.109419,-1.890581,1.890581,-0.053892,-0.024547,0.079585,,,,,1.110727
20260806_143623_657877,2026-08-06T15:01:29.417,406,100,line_walk,前后移动,后退,3.0,m,3,success,,5.228395,37,4.398523,1.296418,5.168963,153.686469,5.619215,0.641114,5.249063,146.067926,1.220691,-0.655304,0.0801,3.0,1.38469,-1.61531,1.61531,-0.046291,0.0801,-7.618543,,,,,1.385464
20260806_143623_657877,2026-08-06T15:01:34.631,407,100,line_walk,前后移动,前进,3.0,m,4,success,,5.211769,38,5.619193,0.641123,5.249074,146.064114,4.702507,1.310587,5.210012,141.584412,-0.916685,0.669465,-0.039062,3.0,1.134278,-1.865722,1.865722,-0.043677,-0.039062,-4.479703,,,,,1.135119
20260806_143623_657877,2026-08-06T15:01:39.854,408,100,line_walk,前后移动,后退,3.0,m,4,success,,5.220702,38,4.702625,1.310539,5.210004,141.586912,5.772161,0.473524,5.280716,136.999415,1.069536,-0.837015,0.070713,3.0,1.358096,-1.641904,1.641904,0.008687,0.070713,-4.587497,,,,,1.358124
20260806_143623_657877,2026-08-06T15:01:45.174,409,100,line_walk,前后移动,前进,3.0,m,5,success,,5.317014,40,5.772045,0.473658,5.280763,136.991465,4.991284,1.257825,5.237053,132.824394,-0.780761,0.784167,-0.04371,3.0,1.105819,-1.894181,1.894181,-0.040861,-0.04371,-4.167071,,,,,1.106574
20260806_143623_657877,2026-08-06T15:01:50.524,410,100,line_walk,前后移动,后退,3.0,m,5,success,,5.348051,39,4.991345,1.257739,5.237056,132.825992,5.926749,0.245162,5.298129,129.549646,0.935404,-1.012577,0.061072,3.0,1.378509,-1.621491,1.621491,-0.002279,0.061072,-3.276346,,,,,1.378511
20260806_143623_657877,2026-08-06T15:01:55.625,411,100,line_walk,前后移动,前进,3.0,m,6,success,,5.09899,36,5.926758,0.245212,5.298219,129.554878,5.218175,1.151009,5.267396,125.246477,-0.708583,0.905797,-0.030823,3.0,1.149621,-1.850379,1.850379,-0.030499,-0.030823,-4.308401,,,,,1.150026
20260806_143623_657877,2026-08-06T15:02:00.864,412,100,line_walk,前后移动,后退,3.0,m,6,success,,5.236819,38,5.218265,1.150829,5.267386,125.246736,5.989378,0.036626,5.348658,119.162171,0.771113,-1.114203,0.081271,3.0,1.354949,-1.645051,1.645051,-0.013257,0.081271,-6.084565,,,,,1.355014
20260806_143623_657877,2026-08-06T15:02:06.278,413,100,line_walk,前后移动,前进,3.0,m,7,success,,5.407969,35,5.989352,0.036944,5.348783,119.169329,5.474494,1.051789,5.290155,116.075978,-0.514857,1.014845,-0.058629,3.0,1.137083,-1.862917,1.862917,-0.045063,-0.058629,-3.093352,,,,,1.137976
20260806_143623_657877,2026-08-06T15:02:11.408,414,100,line_walk,前后移动,后退,3.0,m,7,success,,5.127539,42,5.474498,1.051736,5.290155,116.077467,6.069985,-0.216368,5.386765,109.890285,0.595487,-1.268104,0.09661,3.0,1.400779,-1.599221,1.599221,-0.022574,0.09661,-6.187182,,,,,1.400961
20260806_143623_657877,2026-08-06T15:02:16.515,415,100,line_walk,前后移动,前进,3.0,m,8,success,,5.105639,42,6.06989,-0.216054,5.386928,109.889882,5.742361,0.890606,5.337242,104.19261,-0.327529,1.10666,-0.049685,3.0,1.152076,-1.847924,1.847924,-0.068509,-0.049685,-5.697273,,,,,1.154111
20260806_143623_657877,2026-08-06T15:02:21.738,416,100,line_walk,前后移动,后退,3.0,m,8,success,,5.219941,39,5.742382,0.890579,5.337257,104.188512,6.073133,-0.436078,5.414032,99.995315,0.330751,-1.326657,0.076776,3.0,1.367258,-1.632742,1.632742,-0.00452,0.076776,-4.193197,,,,,1.367266
20260806_143623_657877,2026-08-06T15:02:26.866,417,100,line_walk,前后移动,前进,3.0,m,9,success,,5.125749,40,6.073099,-0.436072,5.414052,99.98548,5.927247,0.688547,5.369423,94.826112,-0.145853,1.124619,-0.044629,3.0,1.132874,-1.867126,1.867126,-0.051364,-0.044629,-5.159368,,,,,1.134038
20260806_143623_657877,2026-08-06T15:02:32.093,418,100,line_walk,前后移动,后退,3.0,m,9,success,,5.223911,40,5.927234,0.688377,5.369421,94.822785,6.034483,-0.69244,5.451194,89.785056,0.107249,-1.380816,0.081772,3.0,1.384944,-1.615056,1.615056,-0.009221,0.081772,-5.037729,,,,,1.384975
20260806_143623_657877,2026-08-06T15:02:37.316,419,100,line_walk,前后移动,前进,3.0,m,10,success,,5.220942,36,6.034503,-0.692428,5.451259,89.772796,6.083413,0.448971,5.404696,88.701174,0.048909,1.141399,-0.046562,3.0,1.141584,-1.858416,1.858416,-0.044383,-0.046562,-1.071623,,,,,1.142447
20260806_143623_657877,2026-08-06T15:02:42.396,420,100,line_walk,前后移动,后退,3.0,m,10,success,,5.076831,40,6.083413,0.448848,5.404737,88.711255,6.034191,-0.955995,5.488954,83.693955,-0.049222,-1.404843,0.084218,3.0,1.405595,-1.594405,1.594405,-0.017613,0.084218,-5.0173,,,,,1.405705
20260806_143623_657877,2026-08-06T15:02:47.648,421,100,line_walk,前后移动,前进,3.0,m,11,success,,5.249094,42,6.034185,-0.955996,5.488955,83.695321,6.206069,0.15705,5.448707,83.891648,0.171884,1.113047,-0.040249,3.0,1.12519,-1.87481,1.87481,-0.048615,-0.040249,0.196327,,,,,1.12624
20260806_143623_657877,2026-08-06T15:02:52.768,422,100,line_walk,前后移动,后退,3.0,m,11,success,,5.118047,38,6.206085,0.157061,5.448715,83.899776,6.033699,-1.237068,5.531943,78.312415,-0.172386,-1.394129,0.083228,3.0,1.404554,-1.595446,1.595446,-0.023259,0.083228,-5.587361,,,,,1.404747
20260806_143623_657877,2026-08-06T15:02:58.006,423,100,line_walk,前后移动,前进,3.0,m,12,success,,5.236206,38,6.033696,-1.237064,5.531931,78.310141,6.299259,-0.137434,5.488466,76.086538,0.265563,1.09963,-0.043466,3.0,1.130629,-1.869371,1.869371,-0.037254,-0.043466,-2.223602,,,,,1.131243
20260806_143623_657877,2026-08-06T15:03:03.110,424,100,line_walk,前后移动,后退,3.0,m,12,success,,5.101265,37,6.299271,-0.137443,5.488464,76.09397,5.96268,-1.463486,5.574625,70.685717,-0.336591,-1.326043,0.086162,3.0,1.368071,-1.631929,1.631929,-0.008038,0.086162,-5.408253,,,,,1.368095
20260806_143623_657877,2026-08-06T15:03:08.230,425,100,line_walk,前后移动,前进,3.0,m,13,success,,5.114349,39,5.962889,-1.463285,5.574774,70.692799,6.366567,-0.427685,5.529025,67.671807,0.403678,1.0356,-0.045749,3.0,1.110827,-1.889173,1.889173,-0.038572,-0.045749,-3.020993,,,,,1.111496
20260806_143623_657877,2026-08-06T15:03:13.447,426,100,line_walk,前后移动,后退,3.0,m,13,success,,5.214247,36,6.366563,-0.427767,5.529023,67.67167,5.84869,-1.703827,5.597237,62.60018,-0.517873,-1.27606,0.068214,3.0,1.37713,-1.62287,1.62287,0.005749,0.068214,-5.071491,,,,,1.377142
20260806_143623_657877,2026-08-06T15:03:18.768,427,100,line_walk,前后移动,前进,3.0,m,14,success,,5.319068,38,5.848615,-1.703977,5.597232,62.594046,6.399815,-0.707413,5.56306,57.170715,0.5512,0.996563,-0.034172,3.0,1.138429,-1.861571,1.861571,-0.030627,-0.034172,-5.423331,,,,,1.138841
20260806_143623_657877,2026-08-06T15:03:23.997,428,100,line_walk,前后移动,后退,3.0,m,14,success,,5.224632,31,6.399779,-0.70742,5.563076,57.166399,5.668649,-1.829805,5.639085,51.666129,-0.73113,-1.122385,0.07601,3.0,1.339502,-1.660498,1.660498,-0.005773,0.07601,-5.500269,,,,,1.339515
20260806_143623_657877,2026-08-06T15:03:29.135,429,100,line_walk,前后移动,前进,3.0,m,15,success,,5.131656,38,5.668835,-1.829834,5.639188,51.64778,6.384239,-0.984236,5.592819,45.241373,0.715405,0.845597,-0.046369,3.0,1.107031,-1.892969,1.892969,-0.03634,-0.046369,-6.406407,,,,,1.107627
20260806_143623_657877,2026-08-06T15:03:34.248,430,100,line_walk,前后移动,后退,3.0,m,15,success,,5.111478,36,6.384132,-0.984362,5.592795,45.231278,5.408236,-1.943781,5.668077,40.167383,-0.975896,-0.959419,0.075281,3.0,1.368416,-1.631584,1.631584,-0.017175,0.075281,-5.063895,,,,,1.368524
20260806_143623_657877,2026-08-06T15:03:39.470,431,100,line_walk,前后移动,前进,3.0,m,16,success,,5.22145,40,5.408263,-1.943817,5.668077,40.167711,6.313008,-1.249094,5.625552,36.656229,0.904746,0.694722,-0.042525,3.0,1.139485,-1.860515,1.860515,-0.052707,-0.042525,-3.511482,,,,,1.140703
20260806_143623_657877,2026-08-06T15:03:44.679,432,100,line_walk,前后移动,后退,3.0,m,16,success,,5.205812,41,6.312998,-1.249044,5.625551,36.65518,5.178068,-2.060981,5.721776,30.726941,-1.13493,-0.811937,0.096224,3.0,1.395214,-1.604786,1.604786,-0.02618,0.096224,-5.928239,,,,,1.39546
20260806_143623_657877,2026-08-06T15:03:49.903,433,100,line_walk,前后移动,前进,3.0,m,17,success,,5.222176,38,5.178236,-2.060926,5.721836,30.728239,6.1884,-1.534894,5.673165,24.259854,1.010165,0.526032,-0.04867,3.0,1.137123,-1.862877,1.862877,-0.063983,-0.04867,-6.468386,,,,,1.138922
20260806_143623_657877,2026-08-06T15:03:55.024,434,100,line_walk,前后移动,后退,3.0,m,17,success,,5.118128,38,6.18831,-1.534986,5.673173,24.246982,4.933825,-2.104387,5.745286,20.434563,-1.254485,-0.569401,0.072113,3.0,1.377655,-1.622345,1.622345,0.00399,0.072113,-3.812419,,,,,1.377661
20260806_143623_657877,2026-08-06T15:04:00.352,435,100,line_walk,前后移动,前进,3.0,m,18,success,,5.324725,36,4.934,-2.10446,5.745317,20.435465,6.036051,-1.737325,5.707645,16.987463,1.102051,0.367135,-0.037671,3.0,1.160881,-1.839119,1.839119,-0.040754,-0.037671,-3.448002,,,,,1.161596
20260806_143623_657877,2026-08-06T15:04:05.682,436,100,line_walk,前后移动,后退,3.0,m,18,success,,5.328789,38,6.036027,-1.737322,5.707638,16.988858,4.724119,-2.147761,5.784031,12.116631,-1.311909,-0.410439,0.076394,3.0,1.374584,-1.625416,1.625416,0.009208,0.076394,-4.872227,,,,,1.374615
20260806_143623_657877,2026-08-06T15:04:10.904,437,100,line_walk,前后移动,前进,3.0,m,19,success,,5.220379,41,4.724124,-2.147757,5.783996,12.120913,5.846406,-1.94714,5.745327,7.0454,1.122282,0.200617,-0.03867,3.0,1.139387,-1.860613,1.860613,-0.039507,-0.03867,-5.075512,,,,,1.140071
20260806_143623_657877,2026-08-06T15:04:16.027,438,100,line_walk,前后移动,后退,3.0,m,19,success,,5.120539,36,5.846239,-1.947177,5.745327,7.034477,4.455645,-2.072752,5.823548,-0.677166,-1.390594,-0.125575,0.078222,3.0,1.395505,-1.604495,1.604495,-0.045672,0.078222,-7.711644,,,,,1.396252
20260806_143623_657877,2026-08-06T15:04:21.242,439,100,line_walk,前后移动,前进,3.0,m,20,success,,5.212407,41,4.45557,-2.072789,5.823568,-0.679706,5.604152,-2.147202,5.783524,-2.248099,1.148582,-0.074413,-0.040044,3.0,1.149384,-1.850616,1.850616,-0.060782,-0.040044,-1.568393,,,,,1.15099
20260806_143623_657877,2026-08-06T15:04:26.354,440,100,line_walk,前后移动,后退,3.0,m,20,success,,5.108897,38,5.604097,-2.147178,5.783515,-2.236954,4.216131,-2.06154,5.859819,-8.528044,-1.387967,0.085637,0.076304,3.0,1.390252,-1.609748,1.609748,-0.031397,0.076304,-6.291089,,,,,1.390606
20260806_143623_657877,2026-08-06T15:04:31.689,441,100,line_walk,前后移动,前进,3.0,m,21,success,,5.33294,40,4.216074,-2.06152,5.859825,-8.533927,5.340054,-2.27456,5.821311,-10.378017,1.12398,-0.21304,-0.038513,3.0,1.14315,-1.85685,1.85685,-0.043889,-0.038513,-1.84409,,,,,1.143992
20260806_143623_657877,2026-08-06T15:04:36.823,442,100,line_walk,前后移动,后退,3.0,m,21,success,,5.132242,37,5.339928,-2.274517,5.821302,-10.358831,3.986542,-1.977723,5.898168,-17.085064,-1.353385,0.296794,0.076866,3.0,1.384694,-1.615306,1.615306,-0.048601,0.076866,-6.726233,,,,,1.385546
20260806_143623_657877,2026-08-06T15:04:41.938,443,100,line_walk,前后移动,前进,3.0,m,22,success,,5.113266,39,3.986571,-1.977737,5.898186,-17.084847,5.049762,-2.356427,5.862521,-17.413586,1.063191,-0.37869,-0.035666,3.0,1.127528,-1.872472,1.872472,-0.049627,-0.035666,-0.328739,,,,,1.128619
20260806_143623_657877,2026-08-06T15:04:47.167,444,100,line_walk,前后移动,后退,3.0,m,22,success,,5.226845,35,5.049774,-2.356399,5.862531,-17.397882,3.762044,-1.905781,5.943162,-24.318737,-1.28773,0.450619,0.080631,3.0,1.363556,-1.636444,1.636444,-0.044965,0.080631,-6.920855,,,,,1.364297
20260806_143623_657877,2026-08-06T15:04:52.570,445,100,line_walk,前后移动,前进,3.0,m,23,success,,5.402138,29,3.762379,-1.906265,5.943382,-24.309786,4.775024,-2.409382,5.89573,-27.269616,1.012645,-0.503117,-0.047652,3.0,1.129975,-1.870025,1.870025,-0.041632,-0.047652,-2.95983,,,,,1.130742
20260806_143623_657877,2026-08-06T15:04:58.117,446,100,line_walk,前后移动,后退,3.0,m,23,success,,5.544867,35,4.774737,-2.409273,5.895817,-27.24774,3.540486,-1.785713,5.978525,-31.927866,-1.234251,0.62356,0.082708,3.0,1.382783,-1.617217,1.617217,0.010722,0.082708,-4.680126,,,,,1.382824
20260806_143623_657877,2026-08-06T15:05:03.533,447,100,line_walk,前后移动,前进,3.0,m,24,success,,5.412526,39,3.540577,-1.785768,5.97857,-31.924912,4.489695,-2.401305,5.930835,-34.81496,0.949118,-0.615538,-0.047736,3.0,1.131057,-1.868943,1.868943,-0.020532,-0.047736,-2.890048,,,,,1.131243
20260806_143623_657877,2026-08-06T15:05:08.671,448,100,line_walk,前后移动,后退,3.0,m,24,success,,5.135807,41,4.489658,-2.401287,5.930822,-34.814171,3.346895,-1.622804,5.996339,-38.719762,-1.142763,0.778482,0.065517,3.0,1.382666,-1.617334,1.617334,0.013282,0.065517,-3.905591,,,,,1.38273
20260806_143623_657877,2026-08-06T15:05:13.896,449,100,line_walk,前后移动,前进,3.0,m,25,success,,5.222449,43,3.346838,-1.622899,5.996393,-38.719762,4.231823,-2.374039,5.965374,-44.453245,0.884986,-0.75114,-0.031018,3.0,1.160326,-1.839674,1.839674,-0.032481,-0.031018,-5.733483,,,,,1.16078
20260806_143623_657877,2026-08-06T15:05:19.030,450,100,line_walk,前后移动,后退,3.0,m,25,success,,5.132801,40,4.231688,-2.374023,5.965384,-44.467738,3.261338,-1.396155,6.032455,-49.645947,-0.970351,0.977868,0.067072,3.0,1.377489,-1.622511,1.622511,-0.018113,0.067072,-5.178209,,,,,1.377609
20260806_143623_657877,2026-08-06T15:05:24.347,451,100,line_walk,前后移动,前进,3.0,m,26,success,,5.313593,42,3.261324,-1.396415,6.032457,-49.629903,3.97242,-2.297347,6.008796,-56.245245,0.711096,-0.900932,-0.023661,3.0,1.146992,-1.853008,1.853008,-0.041787,-0.023661,-6.615342,,,,,1.147753
20260806_143623_657877,2026-08-06T15:05:29.744,452,100,line_walk,前后移动,后退,3.0,m,26,success,,5.39539,43,3.972261,-2.296999,6.008798,-56.266682,3.227675,-1.157967,6.083301,-63.357682,-0.744585,1.139033,0.074503,3.0,1.360744,-1.639256,1.639256,-0.013316,0.074503,-7.091,,,,,1.36081
20260806_143623_657877,2026-08-06T15:05:34.872,453,100,line_walk,前后移动,前进,3.0,m,27,success,,5.12533,38,3.227708,-1.157962,6.083309,-63.358979,3.672364,-2.155908,6.04184,-69.874495,0.444656,-0.997945,-0.041469,3.0,1.091381,-1.908619,1.908619,-0.050029,-0.041469,-6.515516,,,,,1.092527
20260806_143623_657877,2026-08-06T15:05:40.112,454,100,line_walk,前后移动,后退,3.0,m,27,success,,5.236966,37,3.672251,-2.155789,6.041855,-69.881878,3.215103,-0.839067,6.112509,-76.616527,-0.457148,1.316722,0.070653,3.0,1.393622,-1.606378,1.606378,-0.023641,0.070653,-6.734648,,,,,1.393823
20260806_143623_657877,2026-08-06T15:05:45.419,455,100,line_walk,前后移动,前进,3.0,m,28,success,,5.304714,44,3.215153,-0.839011,6.112486,-76.625522,3.438646,-1.967844,6.072179,-77.934897,0.223493,-1.128833,-0.040307,3.0,1.149915,-1.850085,1.850085,-0.043684,-0.040307,-1.309375,,,,,1.150745
20260806_143623_657877,2026-08-06T15:05:50.537,456,100,line_walk,前后移动,后退,3.0,m,28,success,,5.115374,37,3.438642,-1.967793,6.072187,-77.931796,3.169687,-0.615895,6.156274,-82.106107,-0.268955,1.351898,0.084087,3.0,1.378252,-1.621748,1.621748,-0.019639,0.084087,-4.174311,,,,,1.378392
20260806_143623_657877,2026-08-06T15:05:55.618,457,100,line_walk,前后移动,前进,3.0,m,29,success,,5.07924,41,3.169679,-0.616022,6.156295,-82.109413,3.27334,-1.746727,6.111029,-82.352718,0.103661,-1.130705,-0.045266,3.0,1.13423,-1.86577,1.86577,-0.052546,-0.045266,-0.243305,,,,,1.135447
20260806_143623_657877,2026-08-06T15:06:00.772,458,100,line_walk,前后移动,后退,3.0,m,29,success,,5.151543,42,3.273348,-1.74665,6.111019,-82.311586,3.11639,-0.375304,6.199679,-88.348688,-0.156958,1.371346,0.088661,3.0,1.380017,-1.619983,1.619983,-0.02792,0.088661,-6.037102,,,,,1.380299
20260806_143623_657877,2026-08-06T15:06:05.919,459,100,line_walk,前后移动,前进,3.0,m,30,success,,5.144211,41,3.116376,-0.375424,6.199708,-88.349945,3.092644,-1.480917,6.150765,-95.405899,-0.023732,-1.105493,-0.048943,3.0,1.104352,-1.895648,1.895648,-0.055555,-0.048943,-7.055954,,,,,1.105748
20260806_143623_657877,2026-08-06T15:06:11.036,460,100,line_walk,前后移动,后退,3.0,m,30,success,,5.114882,36,3.092636,-1.480846,6.150779,-95.417558,3.235216,-0.124042,6.235067,-101.738325,0.14258,1.356804,0.084289,3.0,1.364205,-1.635795,1.635795,-0.013842,0.084289,-6.320766,,,,,1.364275
20260806_143623_657877,2026-08-06T15:06:16.170,461,100,line_walk,前后移动,前进,3.0,m,31,success,,5.132896,39,3.23515,-0.124107,6.235133,-101.749799,2.978338,-1.208141,6.187448,-105.887118,-0.256812,-1.084034,-0.047685,3.0,1.113616,-1.886384,1.886384,-0.03068,-0.047685,-4.137319,,,,,1.114039
20260806_143623_657877,2026-08-06T15:06:21.382,462,100,line_walk,前后移动,后退,3.0,m,31,success,,5.209333,36,2.978414,-1.207861,6.187442,-105.878314,3.33654,0.102027,6.268137,-110.975329,0.358125,1.309888,0.080696,3.0,1.35789,-1.64211,1.64211,0.013918,0.080696,-5.097015,,,,,1.357962
20260806_143623_657877,2026-08-06T15:06:26.615,463,100,line_walk,前后移动,前进,3.0,m,32,success,,5.231489,36,3.336496,0.10194,6.268184,-110.978013,2.897231,-0.919094,6.222193,-115.835951,-0.439265,-1.021034,-0.045991,3.0,1.110619,-1.889381,1.889381,-0.044609,-0.045991,-4.857938,,,,,1.111514
20260806_143623_657877,2026-08-06T15:06:31.826,464,100,line_walk,前后移动,后退,3.0,m,32,success,,5.208144,34,2.897353,-0.918962,6.222193,-115.835022,3.500405,0.324725,6.302908,-121.866995,0.603052,1.243687,0.080716,3.0,1.382183,-1.617817,1.617817,-0.000802,0.080716,-6.031972,,,,,1.382183
20260806_143623_657877,2026-08-06T15:06:37.035,465,100,line_walk,前后移动,前进,3.0,m,33,success,,5.202632,36,3.500305,0.324597,6.303007,-121.875177,2.853493,-0.632576,6.253616,-125.157629,-0.646811,-0.957174,-0.049391,3.0,1.154394,-1.845606,1.845606,-0.043818,-0.049391,-3.282452,,,,,1.155226
20260806_143623_657877,2026-08-06T15:06:42.154,466,100,line_walk,前后移动,后退,3.0,m,33,success,,5.117445,38,2.853488,-0.632466,6.253611,-125.154993,3.674219,0.502163,6.333783,-132.399174,0.820731,1.134629,0.080172,3.0,1.400239,-1.599761,1.599761,-0.017719,0.080172,-7.244181,,,,,1.400351
20260806_143623_657877,2026-08-06T15:06:47.394,467,100,line_walk,前后移动,前进,3.0,m,34,success,,5.238633,34,3.674212,0.502146,6.333811,-132.399037,2.874697,-0.319064,6.286355,-135.968029,-0.799515,-0.821211,-0.047456,3.0,1.145542,-1.854458,1.854458,-0.036681,-0.047456,-3.568992,,,,,1.146129
20260806_143623_657877,2026-08-06T15:06:52.737,468,100,line_walk,前后移动,后退,3.0,m,34,success,,5.341281,35,2.874809,-0.319004,6.28636,-135.964601,3.847386,0.646789,6.354707,-139.547909,0.972577,0.965792,0.068347,3.0,1.370521,-1.629479,1.629479,0.018277,0.068347,-3.583308,,,,,1.370643
20260806_143623_657877,2026-08-06T15:06:58.017,469,100,line_walk,前后移动,前进,3.0,m,35,success,,5.2778,36,3.847391,0.646759,6.354732,-139.545286,2.951999,-0.059794,6.319422,-146.302092,-0.895391,-0.706553,-0.03531,3.0,1.139765,-1.860235,1.860235,-0.043342,-0.03531,-6.756806,,,,,1.140589
20260806_143623_657877,2026-08-06T15:07:03.150,470,100,line_walk,前后移动,后退,3.0,m,35,success,,5.130284,36,2.952082,-0.059741,6.319437,-146.309632,4.086465,0.694656,6.393872,-150.800386,1.134383,0.754397,0.074435,3.0,1.362328,-1.637672,1.637672,-0.001554,0.074435,-4.490754,,,,,1.362329
20260806_143623_657877,2026-08-06T15:07:08.261,471,100,line_walk,前后移动,前进,3.0,m,36,success,,5.109263,36,4.086349,0.69466,6.393939,-150.801602,3.075182,0.198919,6.350307,-152.170413,-1.011166,-0.495741,-0.043632,3.0,1.124523,-1.875477,1.875477,-0.060532,-0.043632,-1.368811,,,,,1.126151
20260806_143623_657877,2026-08-06T15:07:13.496,472,100,line_walk,前后移动,后退,3.0,m,36,success,,5.23064,38,3.075275,0.198957,6.350332,-152.152736,4.301907,0.827594,6.428994,-158.127745,1.226632,0.628637,0.078661,3.0,1.378229,-1.621771,1.621771,-0.017141,0.078661,-5.975009,,,,,1.378336
20260806_143623_657877,2026-08-06T15:07:18.704,473,100,line_walk,前后移动,前进,3.0,m,37,success,,5.205705,39,4.301904,0.827544,6.429001,-158.142922,3.216365,0.443289,6.385306,-161.066406,-1.085539,-0.384255,-0.043695,3.0,1.150561,-1.849439,1.849439,-0.047505,-0.043695,-2.923485,,,,,1.151541
20260806_143623_657877,2026-08-06T15:07:23.938,474,100,line_walk,前后移动,后退,3.0,m,37,success,,5.230744,38,3.216428,0.443339,6.385313,-161.055027,4.544009,0.890972,6.460709,-165.751151,1.327581,0.447633,0.075396,3.0,1.400996,-1.599004,1.599004,-0.007627,0.075396,-4.696124,,,,,1.401016
20260806_143623_657877,2026-08-06T15:07:29.079,475,100,line_walk,前后移动,前进,3.0,m,38,success,,5.13953,35,4.543983,0.891011,6.46072,-165.756342,3.439684,0.654257,6.422215,-168.748115,-1.104298,-0.236754,-0.038506,3.0,1.128603,-1.871397,1.871397,-0.042232,-0.038506,-2.991773,,,,,1.129393
20260806_143623_657877,2026-08-06T15:07:34.382,476,100,line_walk,前后移动,后退,3.0,m,38,success,,5.300685,38,3.439724,0.654254,6.422217,-168.747186,4.788382,0.929244,6.504004,-173.462503,1.348657,0.27499,0.081787,3.0,1.376391,-1.623609,1.623609,0.006529,0.081787,-4.715317,,,,,1.376407
20260806_143623_657877,2026-08-06T15:07:39.621,477,100,line_walk,前后移动,前进,3.0,m,39,success,,5.236984,35,4.788262,0.929233,6.504055,-173.469292,3.668223,0.820505,6.459606,-178.925411,-1.120039,-0.108728,-0.044448,3.0,1.125137,-1.874863,1.874863,-0.019366,-0.044448,-5.456119,,,,,1.125304
20260806_143623_657877,2026-08-06T15:07:44.814,478,100,line_walk,前后移动,后退,3.0,m,39,success,,5.189373,35,3.668391,0.820495,6.459607,-178.933184,5.043304,0.815195,6.529067,173.976434,1.374914,-0.0053,0.069459,3.0,1.374577,-1.625423,1.625423,-0.030898,0.069459,-7.090382,,,,,1.374924
20260806_143623_657877,2026-08-06T15:07:49.976,479,100,line_walk,前后移动,前进,3.0,m,40,success,,5.158912,35,5.043235,0.815169,6.529115,173.975095,3.914564,0.974688,6.49398,171.33311,-1.128671,0.159519,-0.035135,3.0,1.13918,-1.86082,1.86082,-0.040172,-0.035135,-2.641985,,,,,1.139888
20260806_143623_657877,2026-08-06T15:07:55.280,480,100,line_walk,前后移动,后退,3.0,m,40,success,,5.30069,36,3.914712,0.974761,6.494003,171.346183,5.279076,0.743794,6.574903,164.06587,1.364363,-0.230967,0.0809,3.0,1.383583,-1.616417,1.616417,-0.02305,0.0809,-7.280312,,,,,1.383775
20260806_143623_657877,2026-08-06T15:08:00.604,481,100,line_walk,前后移动,前进,3.0,m,41,success,,5.321698,37,5.27894,0.743885,6.574937,164.059751,4.23157,1.084484,6.52911,159.622081,-1.04737,0.340599,-0.045826,3.0,1.100638,-1.899362,1.899362,-0.039858,-0.045826,-4.43767,,,,,1.101359
20260806_143623_657877,2026-08-06T15:08:05.732,482,100,line_walk,前后移动,后退,3.0,m,41,success,,5.124967,35,4.23174,1.084421,6.529123,159.627531,5.520207,0.614034,6.58689,155.762191,1.288467,-0.470387,0.057767,3.0,1.371624,-1.628376,1.628376,0.007579,0.057767,-3.865341,,,,,1.371645
20260806_143623_657877,2026-08-06T15:08:10.936,483,100,line_walk,前后移动,前进,3.0,m,42,success,,5.201456,37,5.520282,0.614043,6.586878,155.763816,4.473912,1.106494,6.556526,151.827455,-1.046371,0.492451,-0.030352,3.0,1.156295,-1.843705,1.843705,-0.019513,-0.030352,-3.936361,,,,,1.15646
20260806_143623_657877,2026-08-06T15:08:16.166,484,100,line_walk,前后移动,后退,3.0,m,42,success,,5.227593,35,4.47397,1.106516,6.556543,151.827455,5.681978,0.463928,6.624663,148.035403,1.208008,-0.642588,0.06812,3.0,1.368279,-1.631721,1.631721,0.003875,0.06812,-3.792053,,,,,1.368285
20260806_143623_657877,2026-08-06T15:08:21.352,485,100,line_walk,前后移动,前进,3.0,m,43,success,,5.18287,36,5.681948,0.464017,6.624721,148.042902,4.755137,1.08328,6.581306,145.280951,-0.926811,0.619263,-0.043415,3.0,1.114113,-1.885887,1.885887,-0.034864,-0.043415,-2.761951,,,,,1.114659
20260806_143623_657877,2026-08-06T15:08:26.611,486,100,line_walk,前后移动,后退,3.0,m,43,success,,5.256045,38,4.755212,1.083252,6.581345,145.287549,5.890488,0.303376,6.6557,140.163719,1.135275,-0.779876,0.074355,3.0,1.377326,-1.622674,1.622674,0.005418,0.074355,-5.12383,,,,,1.377337
20260806_143623_657877,2026-08-06T15:08:31.924,487,100,line_walk,前后移动,前进,3.0,m,44,success,,5.311009,41,5.890394,0.303343,6.655758,140.154075,5.03792,1.056511,6.615706,135.939411,-0.852474,0.753167,-0.040052,3.0,1.137078,-1.862922,1.862922,-0.032058,-0.040052,-4.214664,,,,,1.137529
20260806_143623_657877,2026-08-06T15:08:37.137,488,100,line_walk,前后移动,后退,3.0,m,44,success,,5.210959,40,5.037997,1.056477,6.61571,135.940367,6.027963,0.108031,6.69344,130.265313,0.989965,-0.948446,0.077731,3.0,1.370961,-1.629039,1.629039,0.00686,0.077731,-5.675054,,,,,1.370978
20260806_143623_657877,2026-08-06T15:08:42.306,489,100,line_walk,前后移动,前进,3.0,m,45,success,,5.168283,39,6.027966,0.108048,6.693454,130.263974,5.36442,0.973383,6.6477,123.148079,-0.663547,0.865336,-0.045754,3.0,1.089173,-1.910827,1.910827,-0.05294,-0.045754,-7.115896,,,,,1.090459
20260806_143623_657877,2026-08-06T15:08:47.521,490,100,line_walk,前后移动,后退,3.0,m,45,success,,5.212085,39,5.364552,0.973343,6.647701,123.143939,6.111499,-0.173403,6.729902,118.269411,0.746947,-1.146745,0.082201,3.0,1.368559,-1.631441,1.631441,-0.001558,0.082201,-4.874528,,,,,1.36856
20260806_143623_657877,2026-08-06T15:08:52.651,491,100,line_walk,前后移动,前进,3.0,m,46,success,,5.127844,39,6.111429,-0.173371,6.72994,118.262362,5.624249,0.821743,6.677467,114.068421,-0.48718,0.995114,-0.052473,3.0,1.10717,-1.89283,1.89283,-0.042093,-0.052473,-4.193941,,,,,1.107969
20260806_143623_657877,2026-08-06T15:08:58.463,492,100,line_walk,前后移动,后退,3.0,m,46,success,,5.810882,29,5.624339,0.821512,6.677453,114.081931,6.185534,-0.429315,6.764052,108.137433,0.561196,-1.250826,0.0866,3.0,1.37095,-1.62905,1.62905,0.001961,0.0866,-5.944498,,,,,1.370951
20260806_143623_657877,2026-08-06T15:09:03.901,493,100,line_walk,前后移动,前进,3.0,m,47,success,,5.435042,29,6.185514,-0.429301,6.764076,108.132256,5.874925,0.631414,6.70711,105.20554,-0.310589,1.060716,-0.056965,3.0,1.1047,-1.8953,1.8953,-0.034941,-0.056965,-2.926716,,,,,1.105253
20260806_143623_657877,2026-08-06T15:09:09.113,494,100,line_walk,前后移动,后退,3.0,m,47,success,,5.20921,37,5.874934,0.631284,6.707123,105.211674,6.240636,-0.718694,6.794122,99.222445,0.365702,-1.349978,0.086998,3.0,1.398634,-1.601366,1.601366,-0.001326,0.086998,-5.989229,,,,,1.398634
20260806_143623_657877,2026-08-06T15:09:14.397,495,100,line_walk,前后移动,前进,3.0,m,48,success,,5.28161,34,6.240652,-0.718661,6.794129,99.219754,6.093533,0.390782,6.747037,94.970536,-0.147119,1.109443,-0.047092,3.0,1.118682,-1.881318,1.881318,-0.032539,-0.047092,-4.249218,,,,,1.119155
20260806_143623_657877,2026-08-06T15:09:19.649,496,100,line_walk,前后移动,后退,3.0,m,48,success,,5.250019,37,6.093589,0.390511,6.747047,94.980262,6.192623,-1.020327,6.82424,87.5692,0.099033,-1.410838,0.077193,3.0,1.414108,-1.585892,1.585892,-0.023819,0.077193,-7.411063,,,,,1.414309
20260806_143623_657877,2026-08-06T15:09:24.988,497,100,line_walk,前后移动,前进,3.0,m,49,success,,5.336881,36,6.192633,-1.020377,6.824212,87.563087,6.263942,0.131043,6.792861,82.515638,0.071309,1.151421,-0.031352,3.0,1.153411,-1.846589,1.846589,-0.022286,-0.031352,-5.047448,,,,,1.153627
20260806_143623_657877,2026-08-06T15:09:30.218,498,100,line_walk,前后移动,后退,3.0,m,49,success,,5.227835,34,6.263961,0.130929,6.792876,82.49564,6.07801,-1.228882,6.860798,78.918232,-0.185951,-1.359811,0.067923,3.0,1.37245,-1.62755,1.62755,-0.006765,0.067923,-3.577407,,,,,1.372466
20260806_143623_657877,2026-08-06T15:09:35.542,499,100,line_walk,前后移动,前进,3.0,m,50,success,,5.322169,36,6.078023,-1.229131,6.860842,78.932753,6.333238,-0.105108,6.827591,73.233698,0.255215,1.124023,-0.033251,3.0,1.15211,-1.84789,1.84789,-0.0347,-0.033251,-5.699055,,,,,1.152633
20260806_143623_657877,2026-08-06T15:09:40.754,500,100,line_walk,前后移动,后退,3.0,m,50,success,,5.21008,36,6.333165,-0.105258,6.82761,73.21232,5.949858,-1.39193,6.91225,67.936634,-0.383307,-1.286672,0.084639,3.0,1.342546,-1.657454,1.657454,0.004653,0.084639,-5.275686,,,,,1.342554
20260806_143623_657877,2026-08-06T15:09:45.962,501,100,line_walk,前后移动,前进,3.0,m,51,success,,5.204812,39,5.949932,-1.391804,6.912323,67.928478,6.388103,-0.394487,6.861759,63.25223,0.438171,0.997317,-0.050564,3.0,1.088878,-1.911122,1.911122,-0.031304,-0.050564,-4.676248,,,,,1.089328
20260806_143623_657877,2026-08-06T15:09:51.086,502,100,line_walk,前后移动,后退,3.0,m,51,success,,5.12244,36,6.388037,-0.394639,6.861742,63.254122,5.753929,-1.611908,6.941345,57.488364,-0.634108,-1.217268,0.079602,3.0,1.372405,-1.627595,1.627595,-0.018453,0.079602,-5.765759,,,,,1.372529
20260806_143623_657877,2026-08-06T15:09:56.358,503,100,line_walk,前后移动,前进,3.0,m,52,success,,5.270191,37,5.753985,-1.611874,6.94136,57.482742,6.375873,-0.662741,6.896955,54.420994,0.621888,0.949133,-0.044405,3.0,1.134635,-1.865365,1.865365,-0.014184,-0.044405,-3.061748,,,,,1.134724
20260806_143623_657877,2026-08-06T15:10:01.738,504,100,line_walk,前后移动,后退,3.0,m,52,success,,5.377273,36,6.375662,-0.663063,6.896938,54.422807,5.592794,-1.763898,6.980088,49.000607,-0.782868,-1.100835,0.08315,3.0,1.350817,-1.649183,1.649183,0.003733,0.08315,-5.4222,,,,,1.350822
20260806_143623_657877,2026-08-06T15:10:06.860,505,100,line_walk,前后移动,前进,3.0,m,53,success,,5.119401,36,5.592859,-1.763867,6.980115,49.002909,6.345157,-0.958742,6.93057,43.684541,0.752298,0.805125,-0.049546,3.0,1.101185,-1.898815,1.898815,-0.039613,-0.049546,-5.318368,,,,,1.101898
20260806_143623_657877,2026-08-06T15:10:11.966,506,100,line_walk,前后移动,后退,3.0,m,53,success,,5.09908,46,6.345044,-0.958858,6.930573,43.684196,5.376032,-1.90164,7.014714,38.618026,-0.969012,-0.942783,0.084141,3.0,1.351912,-1.648088,1.648088,0.012501,0.084141,-5.06617,,,,,1.35197
20260806_143623_657877,2026-08-06T15:10:17.196,507,100,line_walk,前后移动,前进,3.0,m,54,success,,5.222891,38,5.376192,-1.901618,7.014801,38.616332,6.263274,-1.241205,6.963082,32.487501,0.887083,0.660413,-0.051719,3.0,1.105281,-1.894719,1.894719,-0.037621,-0.051719,-6.128831,,,,,1.105921
20260806_143623_657877,2026-08-06T15:10:22.325,508,100,line_walk,前后移动,后退,3.0,m,54,success,,5.125902,37,6.263079,-1.241307,6.963112,32.47633,5.101612,-1.982077,7.040728,27.98271,-1.161467,-0.74077,0.077616,3.0,1.377586,-1.622414,1.622414,0.001272,0.077616,-4.493621,,,,,1.377587
20260806_143623_657877,2026-08-06T15:10:27.522,509,100,line_walk,前后移动,前进,3.0,m,55,success,,5.195182,36,5.101606,-1.982054,7.040732,27.977623,6.130178,-1.493443,6.993887,28.296447,1.028573,0.488611,-0.046844,3.0,1.137585,-1.862415,1.862415,-0.051023,-0.046844,0.318825,,,,,1.138728
20260806_143623_657877,2026-08-06T15:10:32.662,510,100,line_walk,前后移动,后退,3.0,m,55,success,,5.136974,37,6.129826,-1.493654,6.993912,28.363491,4.894736,-2.124545,7.088912,21.549305,-1.23509,-0.630891,0.095001,3.0,1.386533,-1.613467,1.613467,-0.031593,0.095001,-6.814186,,,,,1.386893
20260806_143623_657877,2026-08-06T15:10:37.873,511,100,line_walk,前后移动,前进,3.0,m,56,success,,5.209085,39,4.895282,-2.124523,7.089046,21.552286,5.932675,-1.737744,7.032964,19.194529,1.037393,0.386779,-0.056082,3.0,1.106944,-1.893056,1.893056,-0.02135,-0.056082,-2.357757,,,,,1.10715
20260806_143623_657877,2026-08-06T15:10:43.105,512,100,line_walk,前后移动,后退,3.0,m,56,success,,5.229505,39,5.932667,-1.737782,7.032967,19.198926,4.622339,-2.200881,7.115178,14.13965,-1.310328,-0.463099,0.082211,3.0,1.38974,-1.61026,1.61026,0.006442,0.082211,-5.059276,,,,,1.389755
20260806_143623_657877,2026-08-06T15:10:48.412,513,100,line_walk,前后移动,前进,3.0,m,57,success,,5.30445,37,4.622364,-2.200852,7.115182,14.138041,5.725415,-1.939512,7.072542,8.727201,1.103051,0.26134,-0.04264,3.0,1.133474,-1.866526,1.866526,-0.016006,-0.04264,-5.41084,,,,,1.133587
20260806_143623_657877,2026-08-06T15:10:53.654,514,100,line_walk,前后移动,后退,3.0,m,57,success,,5.23933,36,5.724876,-1.939597,7.072599,8.690767,4.3592,-2.128262,7.15405,1.966558,-1.365676,-0.188665,0.081451,3.0,1.378504,-1.621496,1.621496,-0.019857,0.081451,-6.724209,,,,,1.378647
20260806_143623_657877,2026-08-06T15:10:58.982,515,100,line_walk,前后移动,前进,3.0,m,58,success,,5.326062,41,4.359295,-2.128314,7.154098,1.964262,5.484329,-2.129471,7.10541,-0.676915,1.125034,-0.001156,-0.048687,3.0,1.124333,-1.875667,1.875667,-0.039717,-0.048687,-2.641177,,,,,1.125034
20260806_143623_657877,2026-08-06T15:11:04.200,516,100,line_walk,前后移动,后退,3.0,m,58,success,,5.216186,35,5.484262,-2.129495,7.10541,-0.67317,4.103829,-2.07337,7.190888,-8.1939,-1.380433,0.056125,0.085478,3.0,1.380997,-1.619003,1.619003,-0.039902,0.085478,-7.52073,,,,,1.381574
20260806_143623_657877,2026-08-06T15:11:09.325,517,100,line_walk,前后移动,前进,3.0,m,59,success,,5.118114,45,4.104023,-2.073564,7.19099,-8.193867,5.206762,-2.291028,7.152931,-8.647771,1.102738,-0.217464,-0.038059,3.0,1.122475,-1.877525,1.877525,-0.058078,-0.038059,-0.453904,,,,,1.123976
20260806_143623_657877,2026-08-06T15:11:14.544,518,100,line_walk,前后移动,后退,3.0,m,59,success,,5.216876,46,5.206704,-2.29101,7.152929,-8.62973,3.862664,-2.052955,7.239124,-15.2644,-1.344039,0.238055,0.086195,3.0,1.364543,-1.635457,1.635457,-0.033689,0.086195,-6.634671,,,,,1.364958
20260806_143623_657877,2026-08-06T15:11:19.758,519,100,line_walk,前后移动,前进,3.0,m,60,success,,5.210768,40,3.86293,-2.053094,7.239228,-15.266224,4.931605,-2.405952,7.189591,-15.86905,1.068675,-0.352858,-0.049637,3.0,1.123873,-1.876127,1.876127,-0.05902,-0.049637,-0.602826,,,,,1.125422
20260806_143623_657877,2026-08-06T15:11:24.877,520,100,line_walk,前后移动,后退,3.0,m,60,success,,5.116333,35,4.931498,-2.405923,7.189607,-15.851317,3.6343,-2.010515,7.275105,-21.937654,-1.297198,0.395407,0.085498,3.0,1.355873,-1.644127,1.644127,-0.026052,0.085498,-6.086337,,,,,1.356123
20260806_143623_657877,2026-08-06T15:11:30.031,521,100,line_walk,前后移动,前进,3.0,m,61,success,,5.145426,43,3.634581,-2.010713,7.275173,-21.92863,4.654788,-2.474366,7.227923,-27.908442,1.020207,-0.463653,-0.04725,3.0,1.119547,-1.880453,1.880453,-0.04911,-0.04725,-5.979812,,,,,1.120623
20260806_143623_657877,2026-08-06T15:11:35.330,522,100,line_walk,前后移动,后退,3.0,m,61,success,,5.29643,38,4.65471,-2.474348,7.227919,-27.918105,3.44939,-1.83243,7.305379,-32.519101,-1.20532,0.641917,0.077461,3.0,1.365594,-1.634406,1.634406,-0.002868,0.077461,-4.600996,,,,,1.365597
20260806_143623_657877,2026-08-06T15:11:40.447,523,100,line_walk,前后移动,前进,3.0,m,62,success,,5.114274,37,3.449398,-1.832475,7.30538,-32.516625,4.378289,-2.467927,7.250618,-34.753529,0.928891,-0.635452,-0.054762,3.0,1.124857,-1.875143,1.875143,-0.036515,-0.054762,-2.236904,,,,,1.12545
20260806_143623_657877,2026-08-06T15:11:45.667,524,100,line_walk,前后移动,后退,3.0,m,62,success,,5.217779,39,4.378244,-2.46787,7.2506,-34.74607,3.245322,-1.654675,7.327595,-40.73726,-1.132923,0.813194,0.076995,3.0,1.394379,-1.605621,1.605621,-0.022492,0.076995,-5.991189,,,,,1.39456
20260806_143623_657877,2026-08-06T15:11:50.796,525,100,line_walk,前后移动,前进,3.0,m,63,success,,5.126479,38,3.245361,-1.654631,7.327622,-40.759973,4.069522,-2.431633,7.290693,-43.815032,0.824162,-0.777001,-0.036929,3.0,1.13156,-1.86844,1.86844,-0.050452,-0.036929,-3.055058,,,,,1.132684
20260806_143623_657877,2026-08-06T15:11:56.024,526,100,line_walk,前后移动,后退,3.0,m,63,success,,5.225031,38,4.069548,-2.431602,7.290671,-43.811087,3.085756,-1.481237,7.370385,-50.092556,-0.983792,0.950366,0.079713,3.0,1.367852,-1.632148,1.632148,-0.004746,0.079713,-6.281469,,,,,1.36786
20260806_143623_657877,2026-08-06T15:12:01.238,527,100,line_walk,前后移动,前进,3.0,m,64,success,,5.211597,36,3.085725,-1.481222,7.370388,-50.089746,3.781807,-2.370013,7.325997,-56.450875,0.696082,-0.888791,-0.044391,3.0,1.128345,-1.871655,1.871655,-0.036307,-0.044391,-6.361129,,,,,1.128929
20260806_143623_657877,2026-08-06T15:12:06.361,528,100,line_walk,前后移动,后退,3.0,m,64,success,,5.120268,36,3.781713,-2.369892,7.326043,-56.474057,3.050709,-1.237638,7.400331,-61.726783,-0.731004,1.132254,0.074288,3.0,1.347631,-1.652369,1.652369,-0.01597,0.074288,-5.252726,,,,,1.347726
20260806_143623_657877,2026-08-06T15:12:11.584,529,100,line_walk,前后移动,前进,3.0,m,65,success,,5.219711,38,3.050715,-1.237751,7.400388,-61.731475,3.535229,-2.201772,7.359631,-67.029004,0.484514,-0.964022,-0.040757,3.0,1.078518,-1.921482,1.921482,-0.029836,-0.040757,-5.297529,,,,,1.07893
20260806_143623_657877,2026-08-06T15:12:16.803,530,100,line_walk,前后移动,后退,3.0,m,65,success,,5.216496,39,3.535197,-2.201668,7.359633,-67.040267,3.023576,-0.934171,7.439868,-73.655681,-0.511622,1.267497,0.080235,3.0,1.36666,-1.63334,1.63334,-0.023339,0.080235,-6.615414,,,,,1.36686
20260806_143623_657877,2026-08-06T15:12:22.025,531,100,line_walk,前后移动,前进,3.0,m,66,success,,5.219793,38,3.023534,-0.934263,7.43991,-73.657846,3.282651,-2.00438,7.392534,-81.539734,0.259118,-1.070117,-0.047377,3.0,1.099791,-1.900209,1.900209,-0.052453,-0.047377,-7.881888,,,,,1.101041
20260806_143623_657877,2026-08-06T15:12:27.148,532,100,line_walk,前后移动,后退,3.0,m,66,success,,5.120698,36,3.282679,-2.004333,7.392544,-81.565648,3.109416,-0.66205,7.467062,-88.603099,-0.173263,1.342284,0.074519,3.0,1.35318,-1.64682,1.64682,-0.025492,0.074519,-7.037451,,,,,1.35342
20260806_143623_657877,2026-08-06T15:12:32.265,533,100,line_walk,前后移动,前进,3.0,m,67,success,,5.115191,36,3.109316,-0.662149,7.467149,-88.611022,3.097224,-1.757074,7.420201,-94.601795,-0.012092,-1.094925,-0.046948,3.0,1.09431,-1.90569,1.90569,-0.038629,-0.046948,-5.990773,,,,,1.094992
20260806_143623_657877,2026-08-06T15:12:37.410,534,100,line_walk,前后移动,后退,3.0,m,67,success,,5.142325,37,3.097194,-1.756891,7.420218,-94.601795,3.214448,-0.394087,7.502762,-100.630536,0.117254,1.362804,0.082543,3.0,1.367818,-1.632182,1.632182,-0.007538,0.082543,-6.028742,,,,,1.367839
20260806_143623_657877,2026-08-06T15:12:42.623,535,100,line_walk,前后移动,前进,3.0,m,68,success,,5.211048,38,3.214418,-0.394306,7.502872,-100.628788,2.968465,-1.498207,7.453413,-103.595159,-0.245953,-1.1039,-0.049459,3.0,1.130325,-1.869675,1.869675,-0.038124,-0.049459,-2.966372,,,,,1.130968
20260806_143623_657877,2026-08-06T15:12:47.832,536,100,line_walk,前后移动,后退,3.0,m,68,success,,5.207348,38,2.968489,-1.49821,7.453441,-103.5938,3.278771,-0.157594,7.529722,-108.859179,0.310282,1.340617,0.076281,3.0,1.375989,-1.624011,1.624011,0.013505,0.076281,-5.265379,,,,,1.376055
20260806_143623_657877,2026-08-06T15:12:53.068,537,100,line_walk,前后移动,前进,3.0,m,69,success,,5.232558,38,3.278772,-0.157653,7.529748,-108.859432,2.868961,-1.224923,7.487194,-113.060504,-0.409811,-1.06727,-0.042555,3.0,1.142444,-1.857556,1.857556,-0.042818,-0.042555,-4.201072,,,,,1.143246
20260806_143623_657877,2026-08-06T15:12:58.274,538,100,line_walk,前后移动,后退,3.0,m,69,success,,5.203621,38,2.868977,-1.224817,7.487165,-113.055962,3.399775,0.05547,7.553005,-117.626403,0.530797,1.280287,0.06584,3.0,1.385898,-1.614102,1.614102,0.013,0.06584,-4.570442,,,,,1.385959
20260806_143623_657877,2026-08-06T15:13:03.503,539,100,line_walk,前后移动,前进,3.0,m,70,success,,5.222292,39,3.399709,0.055417,7.553048,-117.616459,2.837096,-0.952121,7.520059,-122.121733,-0.562613,-1.007538,-0.032989,3.0,1.153549,-1.846451,1.846451,-0.03147,-0.032989,-4.505275,,,,,1.153979
20260806_143623_657877,2026-08-06T15:13:08.816,540,100,line_walk,前后移动,后退,3.0,m,70,success,,5.310287,36,2.837178,-0.951968,7.520034,-122.123455,3.574574,0.253892,7.593684,-126.37731,0.737397,1.205861,0.07365,3.0,1.413356,-1.586644,1.586644,0.016706,0.07365,-4.253855,,,,,1.413455
20260806_143623_657877,2026-08-06T15:13:14.051,541,100,line_walk,前后移动,前进,3.0,m,71,success,,5.232849,37,3.574422,0.253753,7.593756,-126.364155,2.851892,-0.651936,7.558228,-132.802278,-0.72253,-0.905689,-0.035528,3.0,1.157719,-1.842281,1.842281,-0.044831,-0.035528,-6.438123,,,,,1.158586
20260806_143623_657877,2026-08-06T15:13:19.262,542,100,line_walk,前后移动,后退,3.0,m,71,success,,5.206735,38,2.851989,-0.651794,7.558255,-132.827891,3.793673,0.328888,7.638181,-139.642862,0.941684,0.980682,0.079926,3.0,1.359387,-1.640613,1.640613,-0.023964,0.079926,-6.814972,,,,,1.359598
20260806_143623_657877,2026-08-06T15:13:24.494,543,100,line_walk,前后移动,前进,3.0,m,72,success,,5.229002,38,3.793681,0.328865,7.638201,-139.641756,2.91924,-0.356781,7.590704,-144.686998,-0.87444,-0.685646,-0.047497,3.0,1.110333,-1.889667,1.889667,-0.043787,-0.047497,-5.045242,,,,,1.111196
20260806_143623_657877,2026-08-06T15:13:29.717,544,100,line_walk,前后移动,后退,3.0,m,72,success,,5.215606,39,2.919367,-0.356731,7.590691,-144.684211,4.018484,0.434187,7.672132,-151.016261,1.099117,0.790918,0.081441,3.0,1.354072,-1.645928,1.645928,0.009992,0.081441,-6.33205,,,,,1.354108
20260806_143623_657877,2026-08-06T15:13:34.928,545,100,line_walk,前后移动,前进,3.0,m,73,success,,5.207652,39,4.018492,0.434185,7.672141,-151.01928,3.038852,-0.061921,7.626042,-157.79062,-0.979639,-0.496106,-0.046099,3.0,1.097343,-1.902657,1.902657,-0.040665,-0.046099,-6.77134,,,,,1.098096
20260806_143623_657877,2026-08-06T15:13:40.070,546,100,line_walk,前后移动,后退,3.0,m,73,success,,5.139354,37,3.039019,-0.061887,7.62607,-157.794131,4.324443,0.432035,7.696992,-165.248518,1.285424,0.493922,0.070922,3.0,1.376758,-1.623242,1.623242,-0.028519,0.070922,-7.454386,,,,,1.377053
20260806_143623_657877,2026-08-06T15:13:45.365,547,100,line_walk,前后移动,前进,3.0,m,74,success,,5.288001,38,4.324434,0.432097,7.697071,-165.246059,3.223532,0.202904,7.665891,-165.780261,-1.100903,-0.229193,-0.03118,3.0,1.122972,-1.877028,1.877028,-0.058729,-0.03118,-0.534203,,,,,1.124507
20260806_143623_657877,2026-08-06T15:13:50.605,548,100,line_walk,前后移动,后退,3.0,m,74,success,,5.238113,38,3.223566,0.202961,7.665938,-165.76473,4.575478,0.525443,7.753456,-171.837656,1.351912,0.322481,0.087517,3.0,1.3897,-1.6103,1.6103,-0.019861,0.087517,-6.072926,,,,,1.389842
20260806_143623_657877,2026-08-06T15:13:55.824,549,100,line_walk,前后移动,前进,3.0,m,75,success,,5.216046,37,4.575364,0.525422,7.753491,-171.837779,3.449756,0.434408,7.711162,-176.443047,-1.125607,-0.091015,-0.04233,3.0,1.127127,-1.872873,1.872873,-0.069717,-0.04233,-4.605269,,,,,1.129281
20260806_143623_657877,2026-08-06T15:14:01.060,550,100,line_walk,前后移动,后退,3.0,m,75,success,,5.233732,35,3.449857,0.434484,7.711167,-176.44063,4.814159,0.502133,7.787135,176.225123,1.364302,0.067649,0.075968,3.0,1.36587,-1.63413,1.63413,-0.017181,0.075968,-7.334247,,,,,1.365978
20260806_143623_657877,2026-08-06T15:14:06.171,551,100,line_walk,前后移动,前进,3.0,m,76,success,,5.108643,37,4.814175,0.502116,7.787179,176.220219,3.685985,0.618174,7.742715,172.345207,-1.12819,0.116059,-0.044464,3.0,1.133387,-1.866613,1.866613,-0.041434,-0.044464,-3.875012,,,,,1.134144
20260806_143623_657877,2026-08-06T15:14:11.396,552,100,line_walk,前后移动,后退,3.0,m,76,success,,5.223426,37,3.686084,0.618192,7.742718,172.346491,5.107707,0.389221,7.814643,164.460232,1.421623,-0.22897,0.071925,3.0,1.439453,-1.560547,1.560547,-0.037596,0.071925,-7.886259,,,,,1.439944
20260806_143623_657877,2026-08-06T15:14:16.608,553,100,line_walk,前后移动,前进,3.0,m,77,success,,5.206704,36,5.107639,0.389265,7.814613,164.46183,4.007393,0.722237,7.786076,159.510175,-1.100245,0.332972,-0.028537,3.0,1.149231,-1.850769,1.850769,-0.026068,-0.028537,-4.951655,,,,,1.149526
20260806_143623_657877,2026-08-06T15:14:21.933,554,100,line_walk,前后移动,后退,3.0,m,77,success,,5.322715,37,4.007388,0.722211,7.78609,159.499001,5.327713,0.230637,7.849452,155.129401,1.320325,-0.491574,0.063362,3.0,1.408865,-1.591135,1.591135,0.001969,0.063362,-4.3696,,,,,1.408866
20260806_143623_657877,2026-08-06T15:14:27.104,555,100,line_walk,前后移动,前进,3.0,m,78,success,,5.166883,37,5.327645,0.230639,7.849477,155.130453,4.296216,0.743364,7.822797,149.612767,-1.031429,0.512724,-0.02668,3.0,1.151411,-1.848589,1.848589,-0.031407,-0.02668,-5.517686,,,,,1.151839
20260806_143623_657877,2026-08-06T15:14:32.477,556,100,line_walk,前后移动,后退,3.0,m,78,success,,5.370043,43,4.296391,0.743297,7.822835,149.593833,5.465045,0.044468,7.902403,144.524781,1.168654,-0.698829,0.079568,3.0,1.361613,-1.638387,1.638387,-0.011224,0.079568,-5.069052,,,,,1.361659
20260806_143623_657877,2026-08-06T15:14:37.623,557,100,line_walk,前后移动,前进,3.0,m,79,success,,5.143772,42,5.465044,0.044466,7.902414,144.524781,4.596504,0.711307,7.862435,139.007668,-0.86854,0.666841,-0.039979,3.0,1.094312,-1.905688,1.905688,-0.038995,-0.039979,-5.517113,,,,,1.095007
20260806_143623_657877,2026-08-06T15:14:42.835,558,100,line_walk,前后移动,后退,3.0,m,79,success,,5.209614,40,4.596655,0.711228,7.862453,139.007668,5.621796,-0.185642,7.934289,134.388015,1.025141,-0.89687,0.071836,3.0,1.362083,-1.637917,1.637917,-0.004506,0.071836,-4.619653,,,,,1.36209
20260806_143623_657877,2026-08-06T15:14:47.976,559,100,line_walk,前后移动,前进,3.0,m,80,success,,5.138911,36,5.621715,-0.185599,7.934367,134.382742,4.882292,0.643927,7.899233,134.265564,-0.739423,0.829525,-0.035134,3.0,1.110036,-1.889964,1.889964,-0.051756,-0.035134,-0.117179,,,,,1.111242
20260806_143623_657877,2026-08-06T15:14:53.274,560,100,line_walk,前后移动,后退,3.0,m,80,success,,5.295236,38,4.882355,0.643836,7.899227,134.292789,5.807395,-0.332096,7.977301,129.29309,0.92504,-0.975932,0.078074,3.0,1.344532,-1.655468,1.655468,-0.019392,0.078074,-4.999698,,,,,1.344672
20260806_143623_657877,2026-08-06T15:14:58.491,561,100,line_walk,前后移动,前进,3.0,m,81,success,,5.21443,41,5.807377,-0.332019,7.977313,129.29473,5.12729,0.575697,7.915916,125.502677,-0.680087,0.907716,-0.061396,3.0,1.133186,-1.866814,1.866814,-0.048547,-0.061396,-3.792053,,,,,1.134225
20260806_143623_657877,2026-08-06T15:15:03.752,562,100,line_walk,前后移动,后退,3.0,m,81,success,,5.258515,36,5.127253,0.575645,7.915928,125.506611,5.924302,-0.55427,8.00825,120.817686,0.79705,-1.129915,0.092322,3.0,1.382729,-1.617271,1.617271,-0.007414,0.092322,-4.688925,,,,,1.382749
20260806_143623_657877,2026-08-06T15:15:08.846,563,100,line_walk,前后移动,前进,3.0,m,82,success,,5.087393,38,5.92421,-0.55407,8.008266,120.829024,5.385772,0.44386,7.952113,120.382453,-0.538437,0.99793,-0.056153,3.0,1.13286,-1.86714,1.86714,-0.049061,-0.056153,-0.446571,,,,,1.133922
20260806_143623_657877,2026-08-06T15:15:14.058,564,100,line_walk,前后移动,后退,3.0,m,82,success,,5.208739,40,5.385723,0.443741,7.952099,120.401359,6.05723,-0.747262,8.042444,114.821463,0.671507,-1.191003,0.090345,3.0,1.367061,-1.632939,1.632939,-0.023536,0.090345,-5.579896,,,,,1.367263
20260806_143623_657877,2026-08-06T15:15:19.188,565,100,line_walk,前后移动,前进,3.0,m,83,success,,5.127455,37,6.057161,-0.747166,8.042458,114.821299,5.623997,0.282762,7.989406,111.270673,-0.433164,1.029927,-0.053051,3.0,1.116622,-1.883378,1.883378,-0.039204,-0.053051,-3.550626,,,,,1.11731
20260806_143623_657877,2026-08-06T15:15:24.500,566,100,line_walk,前后移动,后退,3.0,m,83,success,,5.30545,38,5.624046,0.28266,7.989389,111.274662,6.13504,-0.986961,8.070119,106.032055,0.510994,-1.269622,0.080729,3.0,1.368508,-1.631492,1.631492,0.015502,0.080729,-5.242607,,,,,1.368596
20260806_143623_657877,2026-08-06T15:15:29.932,567,100,line_walk,前后移动,前进,3.0,m,84,success,,5.429216,39,6.135035,-0.986936,8.070128,106.033817,5.841011,0.107731,8.022288,101.89617,-0.294024,1.094667,-0.04784,3.0,1.133294,-1.866706,1.866706,-0.019766,-0.04784,-4.137647,,,,,1.133466
20260806_143623_657877,2026-08-06T15:15:35.070,568,100,line_walk,前后移动,后退,3.0,m,84,success,,5.135237,38,5.841023,0.107538,8.022277,101.893281,6.144414,-1.222041,8.105937,97.084486,0.303391,-1.329579,0.08366,3.0,1.363563,-1.636437,1.636437,0.022866,0.08366,-4.808795,,,,,1.363755
20260806_143623_657877,2026-08-06T15:15:40.296,569,100,line_walk,前后移动,前进,3.0,m,85,success,,5.223234,36,6.144439,-1.221957,8.105988,97.075921,6.046789,-0.132156,8.056727,93.636054,-0.09765,1.089801,-0.04926,3.0,1.09353,-1.90647,1.90647,-0.03734,-0.04926,-3.439868,,,,,1.094168
20260806_143623_657877,2026-08-06T15:15:45.507,570,100,line_walk,前后移动,后退,3.0,m,85,success,,5.208362,37,6.04684,-0.132257,8.056716,93.64063,6.127001,-1.513657,8.142814,88.234808,0.080161,-1.381399,0.086098,3.0,1.383702,-1.616298,1.616298,-0.007717,0.086098,-5.405822,,,,,1.383723
20260806_143623_657877,2026-08-06T15:15:50.725,571,100,line_walk,前后移动,前进,3.0,m,86,success,,5.214857,38,6.127141,-1.513501,8.142848,88.24614,6.187034,-0.367065,8.093756,85.741127,0.059893,1.146435,-0.049092,3.0,1.147731,-1.852269,1.852269,-0.024777,-0.049092,-2.505013,,,,,1.147999
20260806_143623_657877,2026-08-06T15:15:55.850,572,100,line_walk,前后移动,后退,3.0,m,86,success,,5.122507,37,6.187006,-0.36714,8.093757,85.742322,6.08049,-1.724162,8.172493,79.363684,-0.106517,-1.357022,0.078736,3.0,1.361185,-1.638815,1.638815,-0.005475,0.078736,-6.378639,,,,,1.361196
20260806_143623_657877,2026-08-06T15:16:01.147,573,100,line_walk,前后移动,前进,3.0,m,87,success,,5.294475,39,6.080509,-1.724118,8.172564,79.359749,6.317441,-0.636194,8.123252,75.796891,0.236931,1.087924,-0.049312,3.0,1.112965,-1.887035,1.887035,-0.031981,-0.049312,-3.562859,,,,,1.113425
20260806_143623_657877,2026-08-06T15:16:06.497,574,100,line_walk,前后移动,后退,3.0,m,87,success,,5.346874,40,6.317241,-0.63766,8.12319,75.838001,5.990236,-1.98482,8.191195,71.782542,-0.327004,-1.34716,0.068006,3.0,1.386223,-1.613777,1.613777,0.012536,0.068006,-4.055459,,,,,1.386279
20260806_143623_657877,2026-08-06T15:16:11.712,575,100,line_walk,前后移动,前进,3.0,m,88,success,,5.211634,38,5.990258,-1.984839,8.191212,71.783266,6.379364,-0.904434,8.159799,66.780829,0.389105,1.080405,-0.031413,3.0,1.147895,-1.852105,1.852105,-0.031856,-0.031413,-5.002437,,,,,1.148337
20260806_143623_657877,2026-08-06T15:16:16.845,576,100,line_walk,前后移动,后退,3.0,m,88,success,,5.130085,43,6.379295,-0.904544,8.159809,66.763494,5.83115,-2.129165,8.240282,61.088987,-0.548145,-1.224621,0.080473,3.0,1.341543,-1.658457,1.658457,-0.020535,0.080473,-5.674508,,,,,1.3417
20260806_143623_657877,2026-08-06T15:16:22.065,577,100,line_walk,前后移动,前进,3.0,m,89,success,,5.217435,39,5.831369,-2.128979,8.240424,61.080462,6.414252,-1.149233,8.190478,58.251152,0.582883,0.979746,-0.049946,3.0,1.139443,-1.860557,1.860557,-0.036411,-0.049946,-2.82931,,,,,1.140024
20260806_143623_657877,2026-08-06T15:16:28.307,578,100,line_walk,前后移动,后退,3.0,m,89,success,,6.239147,28,6.414175,-1.149366,8.190455,58.256671,5.698369,-2.330823,8.268603,53.274407,-0.715806,-1.181457,0.078148,3.0,1.381324,-1.618676,1.618676,0.012851,0.078148,-4.982264,,,,,1.381384
20260806_143623_657877,2026-08-06T15:16:41.715,579,100,line_walk,前后移动,前进,3.0,m,90,success,,13.406378,10,5.698839,-2.330683,8.268744,53.270701,6.393833,-1.450418,8.224487,47.141341,0.694993,0.880266,-0.044256,3.0,1.121137,-1.878863,1.878863,-0.030587,-0.044256,-6.129361,,,,,1.121554
20260806_143623_657877,2026-08-06T15:17:01.991,580,100,line_walk,前后移动,后退,3.0,m,90,success,,20.268591,12,6.394574,-1.450596,8.224389,47.113525,5.486831,-2.441642,8.311369,42.381655,-0.907743,-0.991045,0.08698,3.0,1.343905,-1.656095,1.656095,0.009347,0.08698,-4.73187,,,,,1.343938
20260806_143623_657877,2026-08-06T15:17:07.145,581,100,line_walk,前后移动,前进,3.0,m,91,success,,5.151742,39,5.486847,-2.441659,8.311368,42.38129,6.329504,-1.735296,8.253694,37.995379,0.842658,0.706363,-0.057674,3.0,1.098583,-1.901417,1.901417,-0.04623,-0.057674,-4.38591,,,,,1.099555
20260806_143623_657877,2026-08-06T15:17:12.356,582,100,line_walk,前后移动,后退,3.0,m,91,success,,5.209713,38,6.329321,-1.735422,8.253678,38.004013,5.26328,-2.590407,8.343268,33.460919,-1.066041,-0.854985,0.08959,3.0,1.366435,-1.633565,1.633565,0.017322,0.08959,-4.543093,,,,,1.366544
20260806_143623_657877,2026-08-06T15:17:17.561,583,100,line_walk,前后移动,前进,3.0,m,92,success,,5.204073,37,5.263449,-2.590412,8.343369,33.452429,6.18918,-2.055031,8.294429,28.486451,0.925731,0.535382,-0.048941,3.0,1.067504,-1.932496,1.932496,-0.063612,-0.048941,-4.965978,,,,,1.069398
20260806_143623_657877,2026-08-06T15:17:22.779,584,100,line_walk,前后移动,后退,3.0,m,92,success,,5.214604,38,6.189138,-2.055045,8.294438,28.486346,5.001973,-2.722553,8.381732,23.25071,-1.187165,-0.667508,0.087294,3.0,1.361804,-1.638196,1.638196,0.020476,0.087294,-5.235635,,,,,1.361958
20260806_143623_657877,2026-08-06T15:17:27.918,585,100,line_walk,前后移动,前进,3.0,m,93,success,,5.134547,38,5.002089,-2.722656,8.381791,23.250601,6.045762,-2.345878,8.327649,16.407644,1.043673,0.376778,-0.054142,3.0,1.107647,-1.892353,1.892353,-0.065815,-0.054142,-6.842957,,,,,1.109601
20260806_143623_657877,2026-08-06T15:17:33.133,586,100,line_walk,前后移动,后退,3.0,m,93,success,,5.212485,36,6.045593,-2.345941,8.327646,16.403908,4.731871,-2.729387,8.403337,11.55282,-1.313722,-0.383446,0.07569,3.0,1.368535,-1.631465,1.631465,-0.003166,0.07569,-4.851088,,,,,1.368538
20260806_143623_657877,2026-08-06T15:17:38.354,587,100,line_walk,前后移动,前进,3.0,m,94,success,,5.220573,38,4.731863,-2.729372,8.403326,11.550827,5.857679,-2.551161,8.360376,6.489291,1.125816,0.178211,-0.04295,3.0,1.1387,-1.8613,1.8613,-0.050828,-0.04295,-5.061536,,,,,1.139834
20260806_143623_657877,2026-08-06T15:17:43.473,588,100,line_walk,前后移动,后退,3.0,m,94,success,,5.112046,39,5.857654,-2.55119,8.360392,6.485368,4.502964,-2.71496,8.43113,1.743937,-1.354691,-0.163771,0.070739,3.0,1.364519,-1.635481,1.635481,0.009711,0.070739,-4.741431,,,,,1.364554
20260806_143623_657877,2026-08-06T15:17:48.686,589,100,line_walk,前后移动,前进,3.0,m,95,success,,5.206299,38,4.502965,-2.714979,8.431154,1.743722,5.668504,-2.737136,8.389382,-1.359546,1.165539,-0.022157,-0.041772,3.0,1.164325,-1.835675,1.835675,-0.057613,-0.041772,-3.103268,,,,,1.16575
20260806_143623_657877,2026-08-06T15:17:53.909,590,100,line_walk,前后移动,后退,3.0,m,95,success,,5.22136,38,5.66847,-2.737138,8.389369,-1.360782,4.292334,-2.692107,8.478954,-7.906563,-1.376136,0.04503,0.089585,3.0,1.376817,-1.623183,1.623183,-0.012337,0.089585,-6.545781,,,,,1.376872
20260806_143623_657877,2026-08-06T15:17:59.035,591,100,line_walk,前后移动,前进,3.0,m,96,success,,5.124154,36,4.292582,-2.692316,8.479154,-7.909647,5.424211,-2.914056,8.427807,-11.252923,1.131629,-0.22174,-0.051347,3.0,1.151377,-1.848623,1.848623,-0.063906,-0.051347,-3.343276,,,,,1.15315
20260806_143623_657877,2026-08-06T15:18:04.250,592,100,line_walk,前后移动,后退,3.0,m,96,success,,5.212324,36,5.424201,-2.914052,8.42782,-11.249678,4.057616,-2.63547,8.51754,-17.360809,-1.366585,0.278582,0.08972,3.0,1.394675,-1.605325,1.605325,-0.00663,0.08972,-6.111132,,,,,1.394691
20260806_143623_657877,2026-08-06T15:18:09.481,593,100,line_walk,前后移动,前进,3.0,m,97,success,,5.228259,37,4.057684,-2.635527,8.517574,-17.352982,5.103903,-3.018825,8.469567,-23.42222,1.046218,-0.383299,-0.048007,3.0,1.112922,-1.887078,1.887078,-0.05381,-0.048007,-6.069238,,,,,1.114222
20260806_143623_657877,2026-08-06T15:18:14.607,594,100,line_walk,前后移动,后退,3.0,m,97,success,,5.123449,38,5.10388,-3.018764,8.469581,-23.423674,3.79909,-2.480573,8.533819,-28.387958,-1.30479,0.538192,0.064239,3.0,1.411208,-1.588792,1.588792,0.02485,0.064239,-4.964284,,,,,1.411427
20260806_143623_657877,2026-08-06T15:18:19.826,595,100,line_walk,前后移动,前进,3.0,m,98,success,,5.216957,36,3.79904,-2.480724,8.533846,-28.370599,4.806842,-3.058634,8.505075,-31.2185,1.007802,-0.57791,-0.02877,3.0,1.161364,-1.838636,1.838636,-0.029619,-0.02877,-2.8479,,,,,1.161742
20260806_143623_657877,2026-08-06T15:18:25.044,596,100,line_walk,前后移动,后退,3.0,m,98,success,,5.215183,36,4.80676,-3.058532,8.505098,-31.216041,3.605017,-2.355531,8.588435,-35.815787,-1.201743,0.703,0.083337,3.0,1.392095,-1.607905,1.607905,0.021604,0.083337,-4.599747,,,,,1.392263
20260806_143623_657877,2026-08-06T15:18:30.174,597,100,line_walk,前后移动,前进,3.0,m,99,success,,5.127206,36,3.605082,-2.355572,8.588436,-35.815787,4.526383,-3.067497,8.542299,-38.415815,0.921301,-0.711925,-0.046137,3.0,1.16369,-1.83631,1.83631,-0.038173,-0.046137,-2.600028,,,,,1.164316
20260806_143623_657877,2026-08-06T15:18:35.292,598,100,line_walk,前后移动,后退,3.0,m,99,success,,5.116344,39,4.52632,-3.067485,8.542312,-38.413049,3.450373,-2.217904,8.620076,-44.056329,-1.075946,0.849581,0.077765,3.0,1.370927,-1.629073,1.629073,0.002823,0.077765,-5.64328,,,,,1.37093
20260806_143623_657877,2026-08-06T15:18:40.503,599,100,line_walk,前后移动,前进,3.0,m,100,success,,5.20904,44,3.450404,-2.217884,8.620088,-44.05763,4.245999,-3.046999,8.57797,-47.123053,0.795595,-0.829115,-0.042118,3.0,1.148298,-1.851702,1.851702,-0.042593,-0.042118,-3.065423,,,,,1.149088
20260806_143623_657877,2026-08-06T15:18:45.682,600,100,line_walk,前后移动,后退,3.0,m,100,success,,5.170399,38,4.245934,-3.046951,8.577979,-47.116335,3.306072,-2.060649,8.652252,-52.317944,-0.939862,0.986302,0.074273,3.0,1.362287,-1.637713,1.637713,0.017481,0.074273,-5.201609,,,,,1.362399
20260806_143623_657877,2026-08-06T15:18:49.006,601,100,line_walk,左右平移,左平移,1.0,m,1,success,,3.322012,27,3.30614,-2.060701,8.652266,-52.317944,3.769039,-1.600196,8.668367,-47.065491,0.462899,0.460505,0.016102,1.0,0.647842,-0.352158,0.352158,0.08149,0.016102,5.252453,,,,,0.652947
20260806_143623_657877,2026-08-06T15:18:52.191,602,100,line_walk,左右平移,右平移,1.0,m,1,success,,3.179427,21,3.768875,-1.600213,8.668364,-47.056499,3.204292,-1.964136,8.67977,-55.434225,-0.564583,-0.363923,0.011407,1.0,0.661221,-0.338779,0.338779,-0.118236,0.011407,-8.377726,,,,,0.671709
20260806_143623_657877,2026-08-06T15:18:55.378,603,100,line_walk,左右平移,左平移,1.0,m,2,success,,3.183931,24,3.20432,-1.964192,8.679775,-55.434225,3.680328,-1.511319,8.683118,-51.234591,0.476008,0.452873,0.003343,1.0,0.64892,-0.35108,0.35108,0.102866,0.003343,4.199634,,,,,0.657022
20260806_143623_657877,2026-08-06T15:18:58.530,604,100,line_walk,左右平移,右平移,1.0,m,2,success,,3.149737,24,3.680315,-1.511333,8.683125,-51.233024,3.087288,-1.830286,8.697503,-60.214046,-0.593027,-0.318953,0.014379,1.0,0.662097,-0.337903,0.337903,-0.122639,0.014379,-8.981023,,,,,0.673359
20260806_143623_657877,2026-08-06T15:19:01.806,605,100,line_walk,左右平移,左平移,1.0,m,3,success,,3.272906,24,3.087323,-1.830311,8.697516,-60.228779,3.613181,-1.415007,8.697429,-56.257389,0.525858,0.415303,-8.8e-05,1.0,0.662667,-0.337333,0.337333,0.099381,-8.8e-05,3.97139,,,,,0.670078
20260806_143623_657877,2026-08-06T15:19:04.983,606,100,line_walk,左右平移,右平移,1.0,m,3,success,,3.174968,24,3.613158,-1.414987,8.697429,-56.252936,2.99233,-1.686666,8.714789,-64.632776,-0.620828,-0.27168,0.017361,1.0,0.667143,-0.332857,0.332857,-0.118986,0.017361,-8.37984,,,,,0.677671
20260806_143623_657877,2026-08-06T15:19:08.263,607,100,line_walk,左右平移,左平移,1.0,m,4,success,,3.276398,23,2.992341,-1.686667,8.714797,-64.639524,3.53942,-1.325176,8.710849,-60.531828,0.54708,0.361491,-0.003948,1.0,0.649189,-0.350811,0.350811,0.092334,-0.003948,4.107696,,,,,0.655723
20260806_143623_657877,2026-08-06T15:19:11.433,608,100,line_walk,左右平移,右平移,1.0,m,4,success,,3.168138,24,3.539439,-1.325154,8.71085,-60.524068,2.912219,-1.538971,8.72548,-68.307021,-0.62722,-0.213817,0.01463,1.0,0.651244,-0.348756,0.348756,-0.122488,0.01463,-7.782953,,,,,0.662663
20260806_143623_657877,2026-08-06T15:19:14.716,609,100,line_walk,左右平移,左平移,1.0,m,5,success,,3.27944,26,2.912259,-1.539063,8.725489,-68.316017,3.483951,-1.206341,8.725339,-63.941041,0.571692,0.332722,-0.00015,1.0,0.654173,-0.345827,0.345827,0.097944,-0.00015,4.374975,,,,,0.661465
20260806_143623_657877,2026-08-06T15:19:17.987,610,100,line_walk,左右平移,右平移,1.0,m,5,success,,3.267623,25,3.483882,-1.206333,8.725339,-63.934751,2.833394,-1.391172,8.73963,-72.611953,-0.650488,-0.184839,0.014291,1.0,0.665547,-0.334453,0.334453,-0.119781,0.014291,-8.677202,,,,,0.67624
20260806_143623_657877,2026-08-06T15:19:21.267,611,100,line_walk,左右平移,左平移,1.0,m,6,success,,3.277593,23,2.833505,-1.391254,8.73965,-72.623475,3.429367,-1.094884,8.737241,-67.915467,0.595862,0.29637,-0.002409,1.0,0.657179,-0.342821,0.342821,0.10489,-0.002409,4.708008,,,,,0.665497
20260806_143623_657877,2026-08-06T15:19:24.644,612,100,line_walk,左右平移,右平移,1.0,m,6,success,,3.373594,24,3.429332,-1.094783,8.737212,-67.910699,2.751091,-1.23317,8.751207,-74.242162,-0.678241,-0.138387,0.013995,1.0,0.680498,-0.319502,0.319502,-0.126824,0.013995,-6.331462,,,,,0.692215
20260806_143623_657877,2026-08-06T15:19:27.845,613,100,line_walk,左右平移,左平移,1.0,m,7,success,,3.194353,23,2.7511,-1.233156,8.751188,-74.2432,3.354956,-0.959322,8.755331,-69.041888,0.603856,0.273834,0.004143,1.0,0.655526,-0.344474,0.344474,0.099564,0.004143,5.201312,,,,,0.663044
20260806_143623_657877,2026-08-06T15:19:31.091,614,100,line_walk,左右平移,右平移,1.0,m,7,success,,3.243895,23,3.354924,-0.959329,8.755331,-69.032565,2.67059,-1.081616,8.763417,-75.155085,-0.684334,-0.122287,0.008086,1.0,0.682779,-0.317221,0.317221,-0.130691,0.008086,-6.12252,,,,,0.695174
20260806_143623_657877,2026-08-06T15:19:34.244,615,100,line_walk,左右平移,左平移,1.0,m,8,success,,3.150771,26,2.670599,-1.081619,8.763411,-75.151322,3.280612,-0.814996,8.767416,-68.840117,0.610013,0.266623,0.004005,1.0,0.657969,-0.342031,0.342031,0.101393,0.004005,6.311204,,,,,0.665736
20260806_143623_657877,2026-08-06T15:19:37.541,616,100,line_walk,左右平移,右平移,1.0,m,8,success,,3.295003,27,3.280598,-0.814952,8.767404,-68.81546,2.599043,-0.944476,8.771516,-75.720502,-0.681556,-0.129524,0.004112,1.0,0.682304,-0.317696,0.317696,-0.125525,0.004112,-6.905041,,,,,0.693754
20260806_143623_657877,2026-08-06T15:19:40.815,617,100,line_walk,左右平移,左平移,1.0,m,9,success,,3.270889,20,2.599092,-0.944759,8.771631,-75.722646,3.208571,-0.689445,8.779454,-69.913926,0.60948,0.255314,0.007823,1.0,0.653619,-0.346381,0.346381,0.097121,0.007823,5.808721,,,,,0.660796
20260806_143623_657877,2026-08-06T15:19:44.003,618,100,line_walk,左右平移,右平移,1.0,m,9,success,,3.185981,22,3.208495,-0.689514,8.779512,-69.902273,2.533106,-0.805197,8.790598,-78.225952,-0.675389,-0.115683,0.011086,1.0,0.674014,-0.325986,0.325986,-0.12344,0.011086,-8.323678,,,,,0.685225
20260806_143623_657877,2026-08-06T15:19:47.147,619,100,line_walk,左右平移,左平移,1.0,m,10,success,,3.142109,25,2.533169,-0.805229,8.790612,-78.246176,3.145565,-0.570578,8.789806,-74.1992,0.612396,0.234651,-0.000806,1.0,0.647355,-0.352645,0.352645,0.104981,-0.000806,4.046976,,,,,0.655812
20260806_143623_657877,2026-08-06T15:19:50.252,620,100,line_walk,左右平移,右平移,1.0,m,10,success,,3.098262,30,3.145494,-0.570608,8.789813,-74.199569,2.441663,-0.638601,8.796968,-80.028596,-0.703831,-0.067993,0.007155,1.0,0.695751,-0.304249,0.304249,-0.12622,0.007155,-5.829027,,,,,0.707108
20260806_143623_657877,2026-08-06T15:19:53.345,621,100,line_walk,左右平移,左平移,1.0,m,11,success,,3.089758,28,2.441536,-0.638586,8.796947,-80.033951,3.040122,-0.443412,8.802608,-75.160378,0.598586,0.195175,0.005662,1.0,0.623331,-0.376669,0.376669,0.088635,0.005662,4.873572,,,,,0.629602
20260806_143623_657877,2026-08-06T15:19:56.474,622,100,line_walk,左右平移,右平移,1.0,m,11,success,,3.126636,30,3.040098,-0.443383,8.80262,-75.157366,2.350665,-0.494542,8.808116,-81.745678,-0.689433,-0.051159,0.005496,1.0,0.679534,-0.320466,0.320466,-0.127157,0.005496,-6.588312,,,,,0.691329
20260806_143623_657877,2026-08-06T15:19:59.647,623,100,line_walk,左右平移,左平移,1.0,m,12,success,,3.169254,31,2.350715,-0.494566,8.808133,-81.74714,2.994184,-0.294384,8.816766,-76.142239,0.64347,0.200182,0.008633,1.0,0.66554,-0.33446,0.33446,0.105744,0.008633,5.604901,,,,,0.673889
20260806_143623_657877,2026-08-06T15:20:02.852,624,100,line_walk,左右平移,右平移,1.0,m,12,success,,3.202368,30,2.994092,-0.294435,8.816791,-76.127492,2.303193,-0.345341,8.823547,-82.543157,-0.690899,-0.050906,0.006757,1.0,0.682952,-0.317048,0.317048,-0.11623,0.006757,-6.415665,,,,,0.692772
20260806_143623_657877,2026-08-06T15:20:05.953,625,100,line_walk,左右平移,左平移,1.0,m,13,success,,3.098842,26,2.303229,-0.345374,8.82356,-82.545978,2.94962,-0.167714,8.829649,-78.279138,0.646391,0.177659,0.006089,1.0,0.663977,-0.336023,0.336023,0.092301,0.006089,4.26684,,,,,0.670361
20260806_143623_657877,2026-08-06T15:20:09.050,626,100,line_walk,左右平移,右平移,1.0,m,13,success,,3.089715,29,2.949546,-0.167684,8.829636,-78.274186,2.264152,-0.184784,8.837545,-85.558249,-0.685394,-0.017099,0.00791,1.0,0.674566,-0.325434,0.325434,-0.122549,0.00791,-7.284062,,,,,0.685607
20260806_143623_657877,2026-08-06T15:20:12.138,627,100,line_walk,左右平移,左平移,1.0,m,14,success,,3.086504,29,2.264118,-0.184767,8.837553,-85.558242,2.904699,-0.0375,8.842983,-80.562334,0.640582,0.147267,0.00543,1.0,0.650063,-0.349937,0.349937,0.097214,0.00543,4.995908,,,,,0.657292
20260806_143623_657877,2026-08-06T15:20:15.246,628,100,line_walk,左右平移,右平移,1.0,m,14,success,,3.105831,31,2.904669,-0.037507,8.842993,-80.559008,2.21262,-0.018819,8.849894,-86.706089,-0.692049,0.018688,0.006901,1.0,0.67961,-0.32039,0.32039,-0.131953,0.006901,-6.147081,,,,,0.692301
20260806_143623_657877,2026-08-06T15:20:18.374,629,100,line_walk,左右平移,左平移,1.0,m,15,success,,3.124941,31,2.212579,-0.018838,8.849867,-86.706082,2.845671,0.111985,8.855401,-80.746114,0.633092,0.130823,0.005534,1.0,0.639563,-0.360437,0.360437,0.094231,0.005534,5.959968,,,,,0.646467
20260806_143623_657877,2026-08-06T15:20:21.546,630,100,line_walk,左右平移,右平移,1.0,m,15,success,,3.158245,28,2.845484,0.112007,8.855397,-80.722352,2.16937,0.123065,8.863713,-89.818483,-0.676115,0.011057,0.008316,1.0,0.665488,-0.334512,0.334512,-0.119915,0.008316,-9.096132,,,,,0.676205
20260806_143623_657877,2026-08-06T15:20:24.642,631,100,line_walk,左右平移,左平移,1.0,m,16,success,,3.093216,30,2.169409,0.123023,8.863742,-89.826871,2.823342,0.226242,8.867523,-85.146593,0.653933,0.103219,0.003781,1.0,0.654242,-0.345758,0.345758,0.101243,0.003781,4.680278,,,,,0.662029
20260806_143623_657877,2026-08-06T15:20:27.828,632,100,line_walk,左右平移,右平移,1.0,m,16,success,,3.183385,29,2.823311,0.226257,8.867525,-85.141361,2.14931,0.293592,8.878077,-94.646054,-0.674001,0.067335,0.010551,1.0,0.665876,-0.334124,0.334124,-0.124179,0.010551,-9.504693,,,,,0.677356
20260806_143623_657877,2026-08-06T15:20:31.008,633,100,line_walk,左右平移,左平移,1.0,m,17,success,,3.17672,25,2.149338,0.293552,8.878079,-94.669038,2.798676,0.339202,8.880173,-91.437846,0.649338,0.045649,0.002093,1.0,0.643467,-0.356533,0.356533,0.098354,0.002093,3.231192,,,,,0.650941
20260806_143623_657877,2026-08-06T15:20:34.279,634,100,line_walk,左右平移,右平移,1.0,m,17,success,,3.268034,24,2.798688,0.339174,8.880187,-91.436562,2.123121,0.478482,8.888968,-97.674499,-0.675567,0.139307,0.00878,1.0,0.678847,-0.321153,0.321153,-0.122327,0.00878,-6.237937,,,,,0.689781
20260806_143623_657877,2026-08-06T15:20:37.353,635,100,line_walk,左右平移,左平移,1.0,m,18,success,,3.068915,23,2.123098,0.478525,8.888972,-97.673945,2.734161,0.464411,8.889734,-95.877155,0.611063,-0.014114,0.000762,1.0,0.607475,-0.392525,0.392525,0.067611,0.000762,1.796791,,,,,0.611226
20260806_143623_657877,2026-08-06T15:20:40.550,636,100,line_walk,左右平移,右平移,1.0,m,18,success,,3.194265,30,2.734134,0.464482,8.889692,-95.878118,2.093786,0.647904,8.893532,-101.410544,-0.640348,0.183422,0.003839,1.0,0.655766,-0.344234,0.344234,-0.116878,0.003839,-5.532426,,,,,0.6661
20260806_143623_657877,2026-08-06T15:20:43.643,637,100,line_walk,左右平移,左平移,1.0,m,19,success,,3.09046,30,2.093843,0.64791,8.893533,-101.40928,2.741702,0.577281,8.899368,-100.839861,0.647859,-0.070628,0.005836,1.0,0.649028,-0.350972,0.350972,0.058924,0.005836,0.569419,,,,,0.651697
20260806_143623_657877,2026-08-06T15:20:46.780,638,100,line_walk,左右平移,右平移,1.0,m,19,success,,3.133948,23,2.741749,0.577299,8.899383,-100.840442,2.120293,0.792889,8.903843,-104.385576,-0.621456,0.21559,0.00446,1.0,0.650913,-0.349087,0.349087,-0.094863,0.00446,-3.545135,,,,,0.657789
20260806_143623_657877,2026-08-06T15:20:50.057,639,100,line_walk,左右平移,左平移,1.0,m,20,success,,3.274469,23,2.120324,0.792881,8.903854,-104.386054,2.756553,0.686504,8.911354,-102.345617,0.636229,-0.106377,0.0075,1.0,0.642709,-0.357291,0.357291,0.055032,0.0075,2.040437,,,,,0.645061
20260806_143623_657877,2026-08-06T15:20:53.218,640,100,line_walk,左右平移,右平移,1.0,m,20,success,,3.158281,23,2.756597,0.686526,8.911333,-102.343664,2.146971,0.926655,8.913452,-106.641096,-0.609625,0.240129,0.002119,1.0,0.646866,-0.353134,0.353134,-0.104256,0.002119,-4.297432,,,,,0.655214
20260806_143623_657877,2026-08-06T15:20:56.513,641,100,line_walk,左右平移,左平移,1.0,m,21,success,,3.292135,23,2.14699,0.926652,8.913465,-106.644286,2.771729,0.798302,8.92128,-105.124288,0.624738,-0.12835,0.007815,1.0,0.635326,-0.364674,0.364674,0.055971,0.007815,1.519997,,,,,0.637787
20260806_143623_657877,2026-08-06T15:20:59.786,642,100,line_walk,左右平移,右平移,1.0,m,21,success,,3.268571,24,2.77174,0.798388,8.921255,-105.125757,2.178889,1.058592,8.924838,-109.412684,-0.592851,0.260204,0.003583,1.0,0.640209,-0.359791,0.359791,-0.096491,0.003583,-4.286927,,,,,0.64744
20260806_143623_657877,2026-08-06T15:21:02.948,643,100,line_walk,左右平移,左平移,1.0,m,22,success,,3.15976,20,2.178884,1.058543,8.924841,-109.412117,2.792582,0.913312,8.931253,-107.632471,0.613698,-0.145231,0.006413,1.0,0.627079,-0.372921,0.372921,0.066994,0.006413,1.779647,,,,,0.630648
20260806_143623_657877,2026-08-06T15:21:06.142,644,100,line_walk,左右平移,右平移,1.0,m,22,success,,3.187888,25,2.792559,0.913273,8.931252,-107.631419,2.206849,1.216626,8.935571,-113.06075,-0.58571,0.303353,0.004318,1.0,0.650079,-0.349921,0.349921,-0.111696,0.004318,-5.429331,,,,,0.659605
20260806_143623_657877,2026-08-06T15:21:09.336,645,100,line_walk,左右平移,左平移,1.0,m,23,success,,3.191682,24,2.206867,1.216624,8.935569,-113.06342,2.814048,1.02456,8.940981,-112.129453,0.607181,-0.192064,0.005412,1.0,0.633891,-0.366109,0.366109,0.06115,0.005412,0.933967,,,,,0.636834
20260806_143623_657877,2026-08-06T15:21:12.579,646,100,line_walk,左右平移,右平移,1.0,m,23,success,,3.236054,23,2.814091,1.024586,8.940969,-112.132507,2.255175,1.365537,8.944649,-116.214234,-0.558916,0.340952,0.003679,1.0,0.646186,-0.353814,0.353814,-0.105257,0.003679,-4.081728,,,,,0.654702
20260806_143623_657877,2026-08-06T15:21:15.651,647,100,line_walk,左右平移,左平移,1.0,m,24,success,,3.069814,29,2.255272,1.365628,8.94463,-116.215532,2.858792,1.126478,8.952853,-114.727657,0.603521,-0.23915,0.008224,1.0,0.647086,-0.352914,0.352914,0.052054,0.008224,1.487875,,,,,0.649176
20260806_143623_657877,2026-08-06T15:21:18.856,648,100,line_walk,左右平移,右平移,1.0,m,24,success,,3.202342,26,2.858773,1.126461,8.952857,-114.72651,2.309401,1.488411,8.952168,-118.541539,-0.549371,0.361951,-0.000689,1.0,0.650401,-0.349599,0.349599,-0.09897,-0.000689,-3.815029,,,,,0.657888
20260806_143623_657877,2026-08-06T15:21:21.998,649,100,line_walk,左右平移,左平移,1.0,m,25,success,,3.139844,25,2.309373,1.48834,8.952185,-118.54061,2.902164,1.226306,8.961335,-117.285973,0.592791,-0.262034,0.009151,1.0,0.64595,-0.35405,0.35405,0.053033,0.009151,1.254637,,,,,0.648123
20260806_143623_657877,2026-08-06T15:21:25.190,650,100,line_walk,左右平移,右平移,1.0,m,25,success,,3.188689,23,2.902114,1.226298,8.961349,-117.285741,2.370047,1.618362,8.962675,-121.038206,-0.532067,0.392064,0.001327,1.0,0.652598,-0.347402,0.347402,-0.104525,0.001327,-3.752465,,,,,0.660916
20260806_143623_657877,2026-08-06T15:21:28.465,651,100,line_walk,左右平移,左平移,1.0,m,26,success,,3.271847,26,2.369986,1.618283,8.962694,-121.034558,2.959519,1.336697,8.970337,-119.771971,0.589533,-0.281586,0.007643,1.0,0.650318,-0.349682,0.349682,0.062658,0.007643,1.262588,,,,,0.65333
20260806_143623_657877,2026-08-06T15:21:31.629,652,100,line_walk,左右平移,右平移,1.0,m,26,success,,3.162153,25,2.959512,1.336663,8.97034,-119.771834,2.449803,1.748659,8.972849,-123.817205,-0.509709,0.411996,0.002509,1.0,0.647008,-0.352992,0.352992,-0.104522,0.002509,-4.045371,,,,,0.655396
20260806_143623_657877,2026-08-06T15:21:34.808,653,100,line_walk,左右平移,左平移,1.0,m,27,success,,3.175934,26,2.449837,1.748627,8.972844,-123.81435,3.026287,1.437239,8.982798,-122.340941,0.57645,-0.311388,0.009953,1.0,0.652229,-0.347771,0.347771,0.062081,0.009953,1.473408,,,,,0.655177
20260806_143623_657877,2026-08-06T15:21:38.067,654,100,line_walk,左右平移,右平移,1.0,m,27,success,,3.252587,27,3.026219,1.437302,8.98282,-122.341297,2.530784,1.87409,8.984835,-126.472058,-0.495435,0.436788,0.002015,1.0,0.652246,-0.347754,0.347754,-0.103993,0.002015,-4.130762,,,,,0.660484
20260806_143623_657877,2026-08-06T15:21:41.249,655,100,line_walk,左右平移,左平移,1.0,m,28,success,,3.178013,23,2.5307,1.874094,8.984828,-126.471553,3.09619,1.540985,8.992365,-124.289444,0.56549,-0.333109,0.007537,1.0,0.652748,-0.347252,0.347252,0.06827,0.007537,2.182109,,,,,0.656308
20260806_143623_657877,2026-08-06T15:21:44.528,656,100,line_walk,左右平移,右平移,1.0,m,28,success,,3.272667,26,3.096198,1.541008,8.992373,-124.289348,2.612678,1.989888,8.998096,-128.357915,-0.48352,0.44888,0.005722,1.0,0.652372,-0.347628,0.347628,-0.098464,0.005722,-4.068566,,,,,0.659761
20260806_143623_657877,2026-08-06T15:21:47.699,657,100,line_walk,左右平移,左平移,1.0,m,29,success,,3.168255,25,2.612658,1.989925,8.998095,-128.358693,3.162666,1.629097,9.006125,-126.420012,0.550008,-0.360828,0.008031,1.0,0.655207,-0.344793,0.344793,0.058385,0.008031,1.938681,,,,,0.657804
20260806_143623_657877,2026-08-06T15:21:50.973,658,100,line_walk,左右平移,右平移,1.0,m,29,success,,3.271271,22,3.162613,1.629104,9.006132,-126.419275,2.712952,2.104066,9.010222,-130.829077,-0.449661,0.474963,0.00409,1.0,0.64382,-0.35618,0.35618,-0.115241,0.00409,-4.409802,,,,,0.654052
20260806_143623_657877,2026-08-06T15:21:54.391,659,100,line_walk,左右平移,左平移,1.0,m,30,success,,3.412081,23,2.713114,2.104013,9.010266,-130.803122,3.265275,1.713912,9.021908,-130.392437,0.552161,-0.390101,0.011642,1.0,0.67288,-0.32712,0.32712,0.065525,0.011642,0.410686,,,,,0.676063
20260806_143623_657877,2026-08-06T15:21:57.592,660,100,line_walk,左右平移,右平移,1.0,m,30,success,,3.199124,26,3.265282,1.713944,9.021893,-130.38868,2.829272,2.231658,9.026638,-134.410746,-0.436009,0.517714,0.004745,1.0,0.667556,-0.332444,0.332444,-0.111804,0.004745,-4.022066,,,,,0.676854
20260806_143623_657877,2026-08-06T15:22:00.812,661,100,line_walk,左右平移,左平移,1.0,m,31,success,,3.218059,30,2.829231,2.231631,9.026629,-134.409995,3.334652,1.824404,9.035575,-131.832992,0.505421,-0.407227,0.008945,1.0,0.646021,-0.353979,0.353979,0.062785,0.008945,2.577003,,,,,0.649064
20260806_143623_657877,2026-08-06T15:22:03.990,662,100,line_walk,左右平移,右平移,1.0,m,31,success,,3.175211,26,3.334641,1.824372,9.03559,-131.834358,2.924652,2.328005,9.038303,-136.168045,-0.409989,0.503633,0.002713,1.0,0.641386,-0.358614,0.358614,-0.10179,0.002713,-4.333687,,,,,0.649413
20260806_143623_657877,2026-08-06T15:22:07.082,663,100,line_walk,左右平移,左平移,1.0,m,32,success,,3.089077,22,2.924617,2.327975,9.038326,-136.1684,3.411581,1.903532,9.045229,-133.603978,0.486964,-0.424444,0.006903,1.0,0.643427,-0.356573,0.356573,0.057341,0.006903,2.564422,,,,,0.645977
20260806_143623_657877,2026-08-06T15:22:10.153,664,100,line_walk,左右平移,右平移,1.0,m,32,success,,3.068102,29,3.411644,1.903513,9.045202,-133.605467,3.01278,2.42406,9.04756,-138.112463,-0.398863,0.520547,0.002357,1.0,0.647835,-0.352165,0.352165,-0.10184,0.002357,-4.506996,,,,,0.655791
20260806_143623_657877,2026-08-06T15:22:13.402,665,100,line_walk,左右平移,左平移,1.0,m,33,success,,3.246327,26,3.012718,2.424038,9.047555,-138.110305,3.484542,1.983004,9.055501,-136.746644,0.471824,-0.441034,0.007946,1.0,0.643356,-0.356644,0.356644,0.056763,0.007946,1.363661,,,,,0.645856
20260806_143623_657877,2026-08-06T15:22:16.584,666,100,line_walk,左右平移,右平移,1.0,m,33,success,,3.175813,25,3.484542,1.983032,9.055495,-136.747149,3.12066,2.52558,9.056102,-141.841405,-0.363883,0.542548,0.000607,1.0,0.644497,-0.355503,0.355503,-0.106735,0.000607,-5.094256,,,,,0.653275
20260806_143623_657877,2026-08-06T15:22:19.756,667,100,line_walk,左右平移,左平移,1.0,m,34,success,,3.17042,21,3.120681,2.525614,9.056116,-141.843208,3.56417,2.058209,9.060168,-139.995929,0.443489,-0.467405,0.004052,1.0,0.641526,-0.358474,0.358474,0.059955,0.004052,1.847279,,,,,0.644321
20260806_143623_657877,2026-08-06T15:22:23.027,668,100,line_walk,左右平移,右平移,1.0,m,34,success,,3.268123,25,3.564186,2.058188,9.060149,-139.995505,3.227664,2.6086,9.062316,-144.571336,-0.336521,0.550412,0.002167,1.0,0.637944,-0.362056,0.362056,-0.096058,0.002167,-4.575831,,,,,0.645135
20260806_143623_657877,2026-08-06T15:22:26.199,669,100,line_walk,左右平移,左平移,1.0,m,35,success,,3.168361,26,3.227647,2.608606,9.062334,-144.570612,3.650711,2.112066,9.071337,-143.253779,0.423064,-0.49654,0.009003,1.0,0.649846,-0.350154,0.350154,0.056882,0.009003,1.316833,,,,,0.652331
20260806_143623_657877,2026-08-06T15:22:29.380,670,100,line_walk,左右平移,右平移,1.0,m,35,success,,3.178819,23,3.650712,2.11206,9.071344,-143.256675,3.348234,2.695621,9.074428,-148.118676,-0.302479,0.583561,0.003083,1.0,0.648573,-0.351427,0.351427,-0.106721,0.003083,-4.862002,,,,,0.657295
20260806_143623_657877,2026-08-06T15:22:32.548,671,100,line_walk,左右平移,左平移,1.0,m,36,success,,3.165114,23,3.348206,2.695618,9.074428,-148.120261,3.733626,2.188239,9.083503,-147.031228,0.38542,-0.507379,0.009075,1.0,0.634401,-0.365599,0.365599,0.059317,0.009075,1.089033,,,,,0.637168
20260806_143623_657877,2026-08-06T15:22:35.737,672,100,line_walk,左右平移,右平移,1.0,m,36,success,,3.183949,25,3.733662,2.188226,9.083518,-147.031925,3.471839,2.782627,9.082992,-152.561947,-0.261823,0.5944,-0.000526,1.0,0.641163,-0.358837,0.358837,-0.103793,-0.000526,-5.530022,,,,,0.64951
20260806_143623_657877,2026-08-06T15:22:39.008,673,100,line_walk,左右平移,左平移,1.0,m,37,success,,3.268672,24,3.47183,2.782637,9.082976,-152.56263,3.819948,2.240664,9.087552,-151.377701,0.348117,-0.541973,0.004576,1.0,0.641414,-0.358586,0.358586,0.05923,0.004576,1.184929,,,,,0.644143
20260806_143623_657877,2026-08-06T15:22:42.181,674,100,line_walk,左右平移,右平移,1.0,m,37,success,,3.169407,22,3.819952,2.240659,9.087561,-151.377018,3.601207,2.845351,9.09057,-156.787812,-0.218745,0.604693,0.00301,1.0,0.635583,-0.364417,0.364417,-0.097662,0.00301,-5.410794,,,,,0.643042
20260806_143623_657877,2026-08-06T15:22:45.356,675,100,line_walk,左右平移,左平移,1.0,m,38,success,,3.173604,23,3.601223,2.845425,9.090588,-156.788563,3.839417,2.281455,9.097812,-156.671931,0.238194,-0.56397,0.007224,1.0,0.612198,-0.387802,0.387802,-0.003361,0.007224,0.116632,,,,,0.612208
20260806_143623_657877,2026-08-06T15:22:48.520,676,100,line_walk,左右平移,右平移,1.0,m,38,success,,3.157035,25,3.839451,2.281429,9.097798,-156.670183,3.701802,2.891117,9.091052,-161.870033,-0.137649,0.609688,-0.006746,1.0,0.614352,-0.385648,0.385648,-0.115056,-0.006746,-5.19985,,,,,0.625033
20260806_143623_657877,2026-08-06T15:22:51.708,677,100,line_walk,左右平移,左平移,1.0,m,39,success,,3.186446,24,3.701845,2.891125,9.09104,-161.871918,3.90293,2.347569,9.135039,-144.420484,0.201084,-0.543555,0.044,1.0,0.579141,-0.420859,0.420859,0.02198,0.044,17.451434,,,,,0.579558
20260806_143623_657877,2026-08-06T15:22:54.874,678,100,line_walk,左右平移,右平移,1.0,m,39,success,,3.163769,25,3.902966,2.347706,9.13511,-144.449581,3.678455,2.961088,9.10353,-150.882144,-0.224511,0.613382,-0.03158,1.0,0.629585,-0.370415,0.370415,-0.173969,-0.03158,-6.432563,,,,,0.653179
20260806_143623_657877,2026-08-06T15:22:58.051,679,100,line_walk,左右平移,左平移,1.0,m,40,success,,3.174093,22,3.678428,2.961077,9.103518,-150.882157,4.080682,2.434185,9.111656,-145.506457,0.402254,-0.526892,0.008138,1.0,0.656044,-0.343956,0.343956,0.095028,0.008138,5.3757,,,,,0.66289
20260806_143623_657877,2026-08-06T15:23:01.333,680,100,line_walk,左右平移,右平移,1.0,m,40,success,,3.27609,25,4.08064,2.434202,9.111653,-145.497455,3.801646,3.045683,9.12464,-154.048469,-0.278994,0.611482,0.012987,1.0,0.661957,-0.338043,0.338043,-0.11645,0.012987,-8.551014,,,,,0.672122
20260806_143623_657877,2026-08-06T15:23:04.609,681,100,line_walk,左右平移,左平移,1.0,m,41,success,,3.272767,26,3.801604,3.045673,9.12463,-154.066173,4.175834,2.5004,9.124926,-149.971283,0.37423,-0.545272,0.000296,1.0,0.654026,-0.345974,0.345974,0.098079,0.000296,4.09489,,,,,0.66134
20260806_143623_657877,2026-08-06T15:23:07.972,682,100,line_walk,左右平移,右平移,1.0,m,41,success,,3.360914,24,4.175833,2.500384,9.124913,-149.971174,3.942501,3.139358,9.140975,-159.58961,-0.233332,0.638973,0.016062,1.0,0.669974,-0.330026,0.330026,-0.117753,0.016062,-9.618436,,,,,0.680243
20260806_143623_657877,2026-08-06T15:23:11.068,683,100,line_walk,左右平移,左平移,1.0,m,42,success,,3.093094,23,3.942455,3.139333,9.140973,-159.605866,4.193706,2.603667,9.136324,-143.743995,0.251251,-0.535666,-0.004649,1.0,0.589644,-0.410356,0.410356,0.048835,-0.004649,15.861871,,,,,0.591663
20260806_143623_657877,2026-08-06T15:23:14.333,684,100,line_walk,左右平移,右平移,1.0,m,42,success,,3.261725,24,4.193724,2.603699,9.136315,-143.73935,3.956813,3.126949,9.129516,-161.434786,-0.236911,0.52325,-0.0068,1.0,0.562038,-0.437962,0.437962,-0.118452,-0.0068,-17.695436,,,,,0.574384
20260806_143623_657877,2026-08-06T15:23:17.602,685,100,line_walk,左右平移,左平移,1.0,m,43,success,,3.266673,25,3.956734,3.126976,9.129538,-161.4351,4.169909,2.594125,9.131756,-149.946312,0.213175,-0.532851,0.002218,1.0,0.572994,-0.427006,0.427006,0.032433,0.002218,11.488788,,,,,0.573911
20260806_143623_657877,2026-08-06T15:23:20.880,686,100,line_walk,左右平移,右平移,1.0,m,43,success,,3.275504,22,4.169928,2.594146,9.131757,-149.946162,3.98578,3.068812,9.132903,-174.504421,-0.184148,0.474666,0.001146,1.0,0.503073,-0.496927,0.496927,-0.078329,0.001146,-24.558259,,,,,0.509135
20260806_143623_657877,2026-08-06T15:23:24.163,687,100,line_walk,左右平移,左平移,1.0,m,44,success,,3.280644,24,3.985768,3.068857,9.132915,-174.504517,4.072477,2.491236,9.132351,-168.83826,0.086709,-0.577621,-0.000564,1.0,0.58327,-0.41673,0.41673,0.030993,-0.000564,5.666257,,,,,0.584093
20260806_143623_657877,2026-08-06T15:23:27.343,688,100,line_walk,左右平移,右平移,1.0,m,44,stopped,,3.177401,25,4.072489,2.491269,9.132341,-168.837345,3.992233,3.039927,9.135238,176.554653,-0.080256,0.548658,0.002896,1.0,0.553815,-0.446185,0.446185,-0.02748,0.002896,-14.608002,,,,,0.554496
